path,sex,age,frontal/lateral,ap/pa,original_width,original_height,original_spacing,source,mode,Support Devices
/work/1mxray/Xray/datasets/ChestXpert/CheXpert-v1.0/train/patient02253/study1/view1_frontal.jpg
/work/1mxray/Xray/datasets/ChestXpert/CheXpert-v1.0/train/patient02934/study1/view1_frontal.jpg
/work/1mxray/Xray/datasets/ChestXpert/CheXpert-v1.0/train/patient04169/study2/view1_frontal.jpg
/work/1mxray/Xray/datasets/ChestXpert/CheXpert-v1.0/train/patient04817/study6/view1_frontal.jpg
/work/1mxray/Xray/datasets/ChestXpert/CheXpert-v1.0/train/patient06182/study5/view1_frontal.jpg
/work/1mxray/Xray/datasets/ChestXpert/CheXpert-v1.0/train/patient11560/study3/view1_frontal.jpg
/work/1mxray/Xray/datasets/ChestXpert/CheXpert-v1.0/train/patient15151/study1/view1_frontal.jpg
/work/1mxray/Xray/datasets/ChestXpert/CheXpert-v1.0/train/patient16414/study6/view1_frontal.jpg
/work/1mxray/Xray/datasets/ChestXpert/CheXpert-v1.0/train/patient20060/study1/view1_frontal.jpg
/work/1mxray/Xray/datasets/ChestXpert/CheXpert-v1.0/train/patient20683/study2/view1_frontal.jpg
/work/1mxray/Xray/datasets/ChestXpert/CheXpert-v1.0/train/patient20732/study1/view1_frontal.jpg
/work/1mxray/Xray/datasets/ChestXpert/CheXpert-v1.0/train/patient21241/study12/view1_frontal.jpg
/work/1mxray/Xray/datasets/ChestXpert/CheXpert-v1.0/train/patient21241/study12/view2_frontal.jpg
/work/1mxray/Xray/datasets/ChestXpert/CheXpert-v1.0/train/patient21602/study1/view1_frontal.jpg
/work/1mxray/Xray/datasets/ChestXpert/CheXpert-v1.0/train/patient21667/study6/view1_frontal.jpg
/work/1mxray/Xray/datasets/ChestXpert/CheXpert-v1.0/train/patient22058/study5/view1_frontal.jpg
/work/1mxray/Xray/datasets/ChestXpert/CheXpert-v1.0/train/patient24074/study1/view1_frontal.jpg
/work/1mxray/Xray/datasets/ChestXpert/CheXpert-v1.0/train/patient24687/study19/view1_frontal.jpg
/work/1mxray/Xray/datasets/ChestXpert/CheXpert-v1.0/train/patient26826/study1/view1_frontal.jpg
/work/1mxray/Xray/datasets/ChestXpert/CheXpert-v1.0/train/patient31595/study1/view1_frontal.jpg
/work/1mxray/Xray/datasets/ChestXpert/CheXpert-v1.0/train/patient32167/study1/view1_frontal.jpg
/work/1mxray/Xray/datasets/ChestXpert/CheXpert-v1.0/train/patient34066/study3/view1_frontal.jpg
/work/1mxray/Xray/datasets/ChestXpert/CheXpert-v1.0/train/patient36437/study8/view1_frontal.jpg
/work/1mxray/Xray/datasets/ChestXpert/CheXpert-v1.0/train/patient36547/study4/view1_frontal.jpg
/work/1mxray/Xray/datasets/Padchest/28041611833871250677444368303361730215_1j7t40.png
/work/1mxray/Xray/datasets/Padchest/103693917093872830847809526276065588596_q5hqnm.png
/work/1mxray/Xray/datasets/Padchest/219421730588011257702798783702738339056_2_8e867p.png
/work/1mxray/Xray/datasets/Padchest/102062778720258857171467101289046779718_xahj8h.png
/work/1mxray/Xray/datasets/Padchest/41741222754557775170230029220221486298_9idpac.png
/work/1mxray/Xray/datasets/Padchest/71304599529427468031510626521096053427_4df5ms.png
/work/1mxray/Xray/datasets/Padchest/146960188716253770518658014242541993834_4675yh.png
/work/1mxray/Xray/datasets/Padchest/243305970280721699035755080523934538663_9ug3yg.png
/work/1mxray/Xray/datasets/Padchest/160559620999002449056624369754779554268_hix7ti.png
/work/1mxray/Xray/datasets/Padchest/282218845857337843382118895547011606937_0376h6.png
/work/1mxray/Xray/datasets/Padchest/146272741421676763126655498774823636761_axr9dw.png
/work/1mxray/Xray/datasets/Padchest/93972622394064751061078979749997808964_94ea0o.png
/work/1mxray/Xray/datasets/Padchest/275061510808818440608194243567739547872_6e4kcs.png
/work/1mxray/Xray/datasets/Padchest/182858692275174696884637258950058465997_qh0v05.png
/work/1mxray/Xray/datasets/Padchest/142167033403605080060293629724776821276_wd0mub.png
/work/1mxray/Xray/datasets/Padchest/142167033403605080060293629724776821276_l3z0bx.png
/work/1mxray/Xray/datasets/Padchest/18300651855975144619020074782262968113_uygteg.png
/work/1mxray/Xray/datasets/Padchest/289162230856120025507286295494237224042_4zcg8p.png
/work/1mxray/Xray/datasets/Padchest/148749787443027721778469897276254185079_qc55ls.png
/work/1mxray/Xray/datasets/Padchest/266947667879805102076010585693391661775_3eldhs.png
/work/1mxray/Xray/datasets/Padchest/162341523160527128985567352120621281725_v2orl6.png
/work/1mxray/Xray/datasets/Padchest/261242374645776957813539248791415086701_qf3a50.png
/work/1mxray/Xray/datasets/Padchest/88096425473532899581494229122579174914_3muyo7.png
/work/1mxray/Xray/datasets/Padchest/250916643172331256596896726578145810555_0es80g.png
/work/1mxray/Xray/datasets/Padchest/40470987746329109392243527667890144725_jkd79j.png
/work/1mxray/Xray/datasets/Padchest/4371475859465290506487734091214507177_a5r6fw.png
/work/1mxray/Xray/datasets/Padchest/216840111366964012819207061112010238085929947_02-123-039.png
/work/1mxray/Xray/datasets/Padchest/216840111366964012819207061112010243085907728_02-123-191.png
/work/1mxray/Xray/datasets/Padchest/216840111366964012819207061112010242124800634_02-123-192.png
/work/1mxray/Xray/datasets/Padchest/216840111366964012810946289282010223091732638_02-123-063.png
/work/1mxray/Xray/datasets/Padchest/216840111366964012810946289282010223091732638_02-123-006.png
/work/1mxray/Xray/datasets/Padchest/216840111366964013590140476722013038154905961_02-057-036.png
/work/1mxray/Xray/datasets/Padchest/216840111366964013590140476722013081101518840_02-052-112.png
/work/1mxray/Xray/datasets/Padchest/216840111366964013829543166512013338110851505_02-094-097.png
/work/1mxray/Xray/datasets/Padchest/216840111366964013590140476722013081144753273_02-098-171.png
/work/1mxray/Xray/datasets/Padchest/216840111366964013402131755672012173132048034_02-098-051.png
/work/1mxray/Xray/datasets/Padchest/216840111366964013686042548532013170180416388_02-098-141.png
/work/1mxray/Xray/datasets/Padchest/216840111366964013575787468332013017133227291_02-012-138.png
/work/1mxray/Xray/datasets/Padchest/216840111366964013686042548532013168123812280_02-028-181.png
/work/1mxray/Xray/datasets/Padchest/216840111366964013686042548532013189164151246_02-028-085.png
/work/1mxray/Xray/datasets/Padchest/216840111366964013686042548532013182102207670_02-026-161.png
/work/1mxray/Xray/datasets/Padchest/216840111366964013686042548532013192123330833_02-033-167.png
/work/1mxray/Xray/datasets/Padchest/216840111366964013686042548532013192123330833_02-033-132.png
/work/1mxray/Xray/datasets/Padchest/216840111366964013686042548532013191125638070_02-033-005.png
/work/1mxray/Xray/datasets/Padchest/216840111366964013829543166512013310124605265_02-113-088.png
/work/1mxray/Xray/datasets/Padchest/216840111366964013534861372972012339115530308_02-113-078.png
/work/1mxray/Xray/datasets/Padchest/216840111366964013829543166512013316104000989_02-113-098.png
/work/1mxray/Xray/datasets/Padchest/216840111366964013829543166512013310142551758_02-113-092.png
/work/1mxray/Xray/datasets/Padchest/216840111366964013829543166512013316090205266_02-113-116.png
/work/1mxray/Xray/datasets/Padchest/216840111366964013829543166512013309131942596_02-113-104.png
/work/1mxray/Xray/datasets/Padchest/216840111366964013829543166512013310095148596_02-113-111.png
/work/1mxray/Xray/datasets/Padchest/216840111366964013590140476722013066132704214_02-047-033.png
/work/1mxray/Xray/datasets/Padchest/216840111366964013686042548532013288103143469_02-082-111.png
/work/1mxray/Xray/datasets/Padchest/216840111366964013590140476722013028113630210_02-007-165.png
/work/1mxray/Xray/datasets/Padchest/216840111366964013590140476722013071091712333_02-056-060.png
/work/1mxray/Xray/datasets/Padchest/216840111366964013575787468332013007160653375_02-008-178.png
/work/1mxray/Xray/datasets/Padchest/216840111366964013590140476722013025122602889_02-008-051.png
/work/1mxray/Xray/datasets/Padchest/216840111366964013590140476722013028130552082_02-008-037.png
/work/1mxray/Xray/datasets/Padchest/216840111366964013590140476722013028130552082_02-008-029.png
/work/1mxray/Xray/datasets/Padchest/216840111366964013575787468332013015125611994_02-008-179.png
/work/1mxray/Xray/datasets/Padchest/216840111366964013686042548532013281115637177_02-080-065.png
/work/1mxray/Xray/datasets/Padchest/216840111366964013663026955732013128113314330_02-042-176.png
/work/1mxray/Xray/datasets/Padchest/216840111366964013663026955732013122104554373_02-040-176.png
/work/1mxray/Xray/datasets/Padchest/216840111366964013663026955732013122104554373_02-040-153.png
/work/1mxray/Xray/datasets/Padchest/216840111366964013686042548532013149094616836_02-040-121.png
/work/1mxray/Xray/datasets/Padchest/216840111366964012558082906712010018143047010_02-128-167.png
/work/1mxray/Xray/datasets/Padchest/1275224313319801051456_02-128-171.png
/work/1mxray/Xray/datasets/Padchest/216840111366964012558082906712010018123135973_02-128-034.png
/work/1mxray/Xray/datasets/Padchest/216840111366964012558082906712010027170509381_02-128-130.png
/work/1mxray/Xray/datasets/Padchest/216840111366964012558082906712010018085441703_02-128-166.png
/work/1mxray/Xray/datasets/Padchest/216840111366964012558082906712010015105706182_02-128-128.png
/work/1mxray/Xray/datasets/Padchest/216840111366964012558082906712010018133913738_02-128-060.png
/work/1mxray/Xray/datasets/Padchest/216840111366964012558082906712010026154438664_02-128-108.png
/work/1mxray/Xray/datasets/Padchest/216840111366964013663026955732013128103830164_02-036-081.png
/work/1mxray/Xray/datasets/Padchest/216840111366964013663026955732013119114829250_02-036-130.png
/work/1mxray/Xray/datasets/Padchest/216840111366964013663026955732013128183526279_02-036-069.png
/work/1mxray/Xray/datasets/Padchest/216840111366964013590140476722013052135054264_02-069-078.png
/work/1mxray/Xray/datasets/Padchest/216840111366964013649107288022013106123811586_02-069-120.png
/work/1mxray/Xray/datasets/Padchest/216840111366964013590140476722013036161553631_02-066-142.png
/work/1mxray/Xray/datasets/Padchest/216840111366964013575787468332013021121830842_02-066-099.png
/work/1mxray/Xray/datasets/Padchest/216840111366964013663026955732013133112604795_02-039-057.png
/work/1mxray/Xray/datasets/Padchest/216840111366964013663026955732013133112604795_02-039-056.png
/work/1mxray/Xray/datasets/Padchest/216840111366964013663026955732013133133352287_02-039-019.png
/work/1mxray/Xray/datasets/Padchest/216840111366964013590140476722013084143801404_02-048-110.png
/work/1mxray/Xray/datasets/Padchest/216840111366964013590140476722013084143801404_02-048-169.png
/work/1mxray/Xray/datasets/Padchest/12752243479320242271085_02-100-004.png
/work/1mxray/Xray/datasets/Padchest/216840111366964013686042548532013154122948259_02-100-062.png
/work/1mxray/Xray/datasets/Padchest/12752243479320242271085_02-100-007.png
/work/1mxray/Xray/datasets/Padchest/216840111366964013643839805242013087094135974_02-053-187.png
/work/1mxray/Xray/datasets/Padchest/216840111366964013590140476722013066120056188_02-053-071.png
/work/1mxray/Xray/datasets/Padchest/216840111366964013590140476722013080131759357_02-053-044.png
/work/1mxray/Xray/datasets/Padchest/216840111366964013590140476722013080131759357_02-053-045.png
/work/1mxray/Xray/datasets/Padchest/216840111366964013534861372972012354110946977_02-035-055.png
/work/1mxray/Xray/datasets/Padchest/216840111366964013686042548532013226124610410_02-004-045.png
/work/1mxray/Xray/datasets/Padchest/216840111366964013575787468332013016180019908_02-004-156.png
/work/1mxray/Xray/datasets/Padchest/216840111366964013649107288022013098090848223_02-070-096.png
/work/1mxray/Xray/datasets/Padchest/216840111366964013590140476722013029175540245_02-016-012.png
/work/1mxray/Xray/datasets/Padchest/216840111366964013686042548532013179104955475_02-103-176.png
/work/1mxray/Xray/datasets/Padchest/216840111366964013686042548532013179112729051_02-103-160.png
/work/1mxray/Xray/datasets/Padchest/216840111366964013829543166512013311114438975_02-110-064.png
/work/1mxray/Xray/datasets/Padchest/216840111366964013829543166512013310140954045_02-110-033.png
/work/1mxray/Xray/datasets/Padchest/216840111366964013829543166512013317092017322_02-110-035.png
/work/1mxray/Xray/datasets/Padchest/216840111366964013663026955732013133135018626_02-110-038.png
/work/1mxray/Xray/datasets/Padchest/216840111366964013590140476722013036190603652_02-067-079.png
/work/1mxray/Xray/datasets/Padchest/216840111366964013590140476722013053164745043_02-067-000.png
/work/1mxray/Xray/datasets/Padchest/216840111366964013590140476722013035090759397_02-067-070.png
/work/1mxray/Xray/datasets/Padchest/216840111366964013590140476722013036165221149_02-058-152.png
/work/1mxray/Xray/datasets/Padchest/216840111366964013590140476722013038171124069_02-058-053.png
/work/1mxray/Xray/datasets/Padchest/216840111366964013590140476722013039163343546_02-058-029.png
/work/1mxray/Xray/datasets/Padchest/216840111366964013590140476722013036165221149_02-058-143.png
/work/1mxray/Xray/datasets/Padchest/12752243479320241224768_02-117-020.png
/work/1mxray/Xray/datasets/Padchest/12752243479320241231587_02-117-183.png
/work/1mxray/Xray/datasets/Padchest/216840111366964012819207061112010238172523543_02-117-074.png
/work/1mxray/Xray/datasets/Padchest/216840111366964012558082906712010007100028014_02-125-134.png
/work/1mxray/Xray/datasets/Padchest/216840111366964012558082906712010005094529775_02-125-085.png
/work/1mxray/Xray/datasets/Padchest/216840111366964012558082906712010014095558252_02-125-187.png
/work/1mxray/Xray/datasets/Padchest/216840111366964012558082906712010007085340497_02-125-067.png
/work/1mxray/Xray/datasets/Padchest/216840111366964012558082906712010005154728834_02-125-045.png
/work/1mxray/Xray/datasets/Padchest/216840111366964012558082906712010005123843318_02-125-069.png
/work/1mxray/Xray/datasets/Padchest/216840111366964012558082906712010025145143037_02-125-143.png
/work/1mxray/Xray/datasets/Padchest/216840111366964013663026955732013109093215248_02-074-084.png
/work/1mxray/Xray/datasets/Padchest/216840111366964013649107288022013107111053489_02-074-089.png
/work/1mxray/Xray/datasets/Padchest/216840111366964013686042548532013150082505042_02-038-009.png
/work/1mxray/Xray/datasets/Padchest/216840111366964013663026955732013129122534020_02-038-138.png
/work/1mxray/Xray/datasets/Padchest/216840111366964012558082906712010015115659807_02-127-191.png
/work/1mxray/Xray/datasets/Padchest/216840111366964012558082906712010012105506584_02-127-194.png
/work/1mxray/Xray/datasets/Padchest/216840111366964012558082906712010014155624249_02-127-175.png
/work/1mxray/Xray/datasets/Padchest/216840111366964013663026955732013126134236540_02-037-061.png
/work/1mxray/Xray/datasets/Padchest/216840111366964013663026955732013115191043245_02-037-045.png
/work/1mxray/Xray/datasets/Padchest/216840111366964013515091760022012311132944077_02-037-048.png
/work/1mxray/Xray/datasets/Padchest/216840111366964012819207061112010230100230259_02-120-089.png
/work/1mxray/Xray/datasets/Padchest/216840111366964012819207061112010231132520292_02-120-104.png
/work/1mxray/Xray/datasets/Padchest/216840111366964012819207061112010231081529658_02-120-175.png
/work/1mxray/Xray/datasets/Padchest/216840111366964013590140476722013031160526494_02-064-053.png
/work/1mxray/Xray/datasets/Padchest/216840111366964012809176623042010216180149004_02-118-174.png
/work/1mxray/Xray/datasets/Padchest/216840111366964012809176623042010216132437835_02-118-157.png
/work/1mxray/Xray/datasets/Padchest/216840111366964012819207061112010235130646541_02-118-001.png
/work/1mxray/Xray/datasets/Padchest/216840111366964012810168695312010217090227561_02-118-126.png
/work/1mxray/Xray/datasets/Padchest/216840111366964012809176623042010216132437835_02-118-063.png
/work/1mxray/Xray/datasets/Padchest/216840111366964012819207061112010239093956236_02-118-195.png
/work/1mxray/Xray/datasets/Padchest/216840111366964012809176623042010216171929099_02-118-068.png
/work/1mxray/Xray/datasets/Padchest/216840111366964013829543166512013301145023143_02-114-165.png
/work/1mxray/Xray/datasets/Padchest/216840111366964013663026955732013115090656260_02-072-155.png
/work/1mxray/Xray/datasets/Padchest/216840111366964012810946289282010224164810121_02-119-177.png
/work/1mxray/Xray/datasets/Padchest/216840111366964012819207061112010236165435204_02-119-060.png
/work/1mxray/Xray/datasets/Padchest/216840111366964012810946289282010224164810121_02-119-194.png
/work/1mxray/Xray/datasets/Padchest/216840111366964012819207061112010229163739043_02-119-164.png
/work/1mxray/Xray/datasets/Padchest/216840111366964013686042548532013289125914904_02-079-079.png
/work/1mxray/Xray/datasets/Padchest/216840111366964013686042548532013261111603873_02-079-059.png
/work/1mxray/Xray/datasets/Padchest/216840111366964013590140476722013073164411304_02-055-189.png
/work/1mxray/Xray/datasets/Padchest/216840111366964013590140476722013070122543034_02-055-094.png
/work/1mxray/Xray/datasets/Padchest/216840111366964013686042548532013296113445091_02-084-125.png
/work/1mxray/Xray/datasets/Padchest/216840111366964013686042548532013296113445091_02-084-141.png
/work/1mxray/Xray/datasets/Padchest/216840111366964013648957110602013092100005544_02-075-177.png
/work/1mxray/Xray/datasets/Padchest/216840111366964013686042548532013245111337279_02-022-130.png
/work/1mxray/Xray/datasets/Padchest/216840111366964013686042548532013294124815442_02-088-180.png
/work/1mxray/Xray/datasets/Padchest/216840111366964013686042548532013280110815400_02-088-116.png
/work/1mxray/Xray/datasets/Padchest/216840111366964013829543166512013331123839253_02-106-020.png
/work/1mxray/Xray/datasets/Padchest/216840111366964013590140476722013036171628936_02-059-011.png
/work/1mxray/Xray/datasets/Padchest/216840111366964013340662495472012128190027262_02-059-189.png
/work/1mxray/Xray/datasets/Padchest/216840111366964013686042548532013150124639263_02-044-109.png
/work/1mxray/Xray/datasets/Padchest/216840111366964013686042548532013151084611624_02-044-046.png
/work/1mxray/Xray/datasets/Padchest/216840111366964013686042548532013178125549392_02-097-076.png
/work/1mxray/Xray/datasets/Padchest/216840111366964013686042548532013191130710155_02-032-180.png
/work/1mxray/Xray/datasets/Padchest/216840111366964013590140476722013057153021502_02-065-162.png
/work/1mxray/Xray/datasets/Padchest/216840111366964013829543166512013333100829993_02-111-098.png
/work/1mxray/Xray/datasets/Padchest/216840111366964013590140476722013084094756532_02-049-003.png
/work/1mxray/Xray/datasets/Padchest/216840111366964013590140476722013067180242839_02-049-023.png
/work/1mxray/Xray/datasets/Padchest/216840111366964013590140476722013070173027844_02-049-033.png
/work/1mxray/Xray/datasets/Padchest/216840111366964013590140476722013074164303874_02-049-006.png
/work/1mxray/Xray/datasets/Padchest/216840111366964013575787468332013022112125839_02-005-148.png
/work/1mxray/Xray/datasets/Padchest/216840111366964013590140476722013081092848375_02-045-166.png
/work/1mxray/Xray/datasets/Padchest/216840111366964013829543166512013357121532861_02-093-142.png
/work/1mxray/Xray/datasets/Padchest/216840111366964013686042548532013143111544929_02-041-039.png
/work/1mxray/Xray/datasets/Padchest/216840111366964013686042548532013143125142884_02-041-129.png
/work/1mxray/Xray/datasets/Padchest/216840111366964013663026955732013108184721846_02-078-076.png
/work/1mxray/Xray/datasets/Padchest/216840111366964013649107288022013102100307394_02-078-072.png
/work/1mxray/Xray/datasets/Padchest/216840111366964013663026955732013116171314707_02-078-027.png
/work/1mxray/Xray/datasets/Padchest/216840111366964013686042548532013263105215545_02-021-021.png
/work/1mxray/Xray/datasets/Padchest/12752243479320242273576_02-101-041.png
/work/1mxray/Xray/datasets/Padchest/216840111366964012768025509942010215182620526_02-122-070.png
/work/1mxray/Xray/datasets/Padchest/216840111366964012809176623042010216104247499_02-122-100.png
/work/1mxray/Xray/datasets/Padchest/216840111366964012810946289282010221125856339_02-122-133.png
/work/1mxray/Xray/datasets/Padchest/216840111366964013590140476722013031121646252_02-015-140.png
/work/1mxray/Xray/datasets/Padchest/216840111366964013590140476722013031083523731_02-015-199.png
/work/1mxray/Xray/datasets/Padchest/216840111366964013590140476722013029175540245_02-015-186.png
/work/1mxray/Xray/datasets/Padchest/216840111366964013590140476722013031092847320_02-015-195.png
/work/1mxray/Xray/datasets/Padchest/216840111366964013829543166512013315111418819_02-108-197.png
/work/1mxray/Xray/datasets/Padchest/216840111366964013829543166512013312123135371_02-108-160.png
/work/1mxray/Xray/datasets/Padchest/216840111366964013829543166512013312143733026_02-108-198.png
/work/1mxray/Xray/datasets/Padchest/216840111366964013829543166512013312143509668_02-108-138.png
/work/1mxray/Xray/datasets/Padchest/216840111366964013829543166512013316135237681_02-108-147.png
/work/1mxray/Xray/datasets/Padchest/216840111366964013829543166512013318105239217_02-108-108.png
/work/1mxray/Xray/datasets/Padchest/216840111366964013575787468332013015183915121_02-009-110.png
/work/1mxray/Xray/datasets/Padchest/216840111366964013643839805242013087131457853_02-054-028.png
/work/1mxray/Xray/datasets/Padchest/216840111366964013686042548532013177084552654_02-102-182.png
/work/1mxray/Xray/datasets/Padchest/216840111366964013829543166512013311140329745_02-115-076.png
/work/1mxray/Xray/datasets/Padchest/216840111366964013829543166512013312143014794_02-115-101.png
/work/1mxray/Xray/datasets/Padchest/216840111366964013829543166512013315100016488_02-115-022.png
/work/1mxray/Xray/datasets/Padchest/216840111366964013829543166512013325125828572_02-115-080.png
/work/1mxray/Xray/datasets/Padchest/216840111366964013829543166512013316144149443_02-115-011.png
/work/1mxray/Xray/datasets/Padchest/216840111366964013829543166512013311131431761_02-115-123.png
/work/1mxray/Xray/datasets/Padchest/216840111366964013829543166512013315094251994_02-115-025.png
/work/1mxray/Xray/datasets/Padchest/216840111366964013829543166512013312121748236_02-115-121.png
/work/1mxray/Xray/datasets/Padchest/216840111366964013829543166512013312124325476_02-115-060.png
/work/1mxray/Xray/datasets/Padchest/216840111366964013829543166512013309102001743_02-115-015.png
/work/1mxray/Xray/datasets/Padchest/216840111366964013829543166512013311105444478_02-115-127.png
/work/1mxray/Xray/datasets/Padchest/216840111366964012558082906712010018155809403_02-126-188.png
/work/1mxray/Xray/datasets/Padchest/216840111366964012558082906712010014095558252_02-126-077.png
/work/1mxray/Xray/datasets/Padchest/216840111366964012558082906712010014184826535_02-126-063.png
/work/1mxray/Xray/datasets/Padchest/216840111366964012558082906712010014104457644_02-126-164.png
/work/1mxray/Xray/datasets/Padchest/216840111366964012558082906712010013134808842_02-126-156.png
/work/1mxray/Xray/datasets/Padchest/216840111366964013590140476722013045100412726_02-068-070.png
/work/1mxray/Xray/datasets/Padchest/216840111366964013590140476722013028174047226_02-014-017.png
/work/1mxray/Xray/datasets/Padchest/216840111366964013829543166512013343101159164_02-090-052.png
/work/1mxray/Xray/datasets/Padchest/216840111366964013590140476722013039132119823_02-061-092.png
/work/1mxray/Xray/datasets/Padchest/216840111366964013829543166512013317091606121_02-109-146.png
/work/1mxray/Xray/datasets/Padchest/216840111366964013829543166512013312130137625_02-109-028.png
/work/1mxray/Xray/datasets/Padchest/216840111366964013829543166512013316115136040_02-109-154.png
/work/1mxray/Xray/datasets/Padchest/216840111366964013829543166512013316123100165_02-109-128.png
/work/1mxray/Xray/datasets/Padchest/216840111366964013829543166512013315124110990_02-109-027.png
/work/1mxray/Xray/datasets/Padchest/12752243479320242424593_02-109-137.png
/work/1mxray/Xray/datasets/Padchest/216840111366964013829543166512013311134059304_02-109-136.png
/work/1mxray/Xray/datasets/Padchest/216840111366964013829543166512013317091606121_02-109-131.png
/work/1mxray/Xray/datasets/Padchest/216840111366964012558082906712010025175225887_02-124-012.png
/work/1mxray/Xray/datasets/Padchest/216840111366964012558082906712010007191733058_02-124-061.png
/work/1mxray/Xray/datasets/Padchest/216840111366964012819207061112010242130555839_02-124-064.png
/work/1mxray/Xray/datasets/Padchest/216840111366964012558082906712010027124134198_02-124-008.png
/work/1mxray/Xray/datasets/Padchest/216840111366964012819207061112010231081529658_02-121-024.png
/work/1mxray/Xray/datasets/Padchest/216840111366964012809176623042010216085102870_02-121-171.png
/work/1mxray/Xray/datasets/Padchest/216840111366964012819207061112010235084503508_02-121-001.png
/work/1mxray/Xray/datasets/Padchest/216840111366964012819207061112010232110110688_02-121-077.png
/work/1mxray/Xray/datasets/Padchest/216840111366964012768025509942010210124501205_02-121-052.png
/work/1mxray/Xray/datasets/Padchest/216840111366964013829543166512013337133916912_02-092-095.png
/work/1mxray/Xray/datasets/Padchest/216840111366964013534861372972013002170133730_02-013-197.png
/work/1mxray/Xray/datasets/Padchest/216840111366964013590140476722013060123650968_02-046-144.png
/work/1mxray/Xray/datasets/Padchest/216840111366964013590140476722013063102236378_02-051-144.png
/work/1mxray/Xray/datasets/Padchest/216840111366964013663026955732013116171314707_02-077-196.png
/work/1mxray/Xray/datasets/Padchest/216840111366964013217898866992011346131927240_01-010-088.png
/work/1mxray/Xray/datasets/Padchest/216840111366964013217898866992011327131406922_01-010-197.png
/work/1mxray/Xray/datasets/Padchest/216840111366964013217898866992011346124142458_01-011-104.png
/work/1mxray/Xray/datasets/Padchest/216840111366964013217898866992011339101146894_01-011-068.png
/work/1mxray/Xray/datasets/Padchest/216840111366964013451228379692012289124229172_01-123-047.png
/work/1mxray/Xray/datasets/Padchest/216840111366964013451228379692012284182044116_01-123-109.png
/work/1mxray/Xray/datasets/Padchest/216840111366964013451228379692012247161306339_01-057-051.png
/work/1mxray/Xray/datasets/Padchest/216840111366964013451228379692012247125830356_01-057-029.png
/work/1mxray/Xray/datasets/Padchest/216840111366964013451228379692012249094557120_01-057-147.png
/work/1mxray/Xray/datasets/Padchest/216840111366964013451228379692012255134752179_01-057-182.png
/work/1mxray/Xray/datasets/Padchest/216840111366964013451228379692012247161306339_01-057-019.png
/work/1mxray/Xray/datasets/Padchest/216840111366964013451228379692012248142906783_01-052-198.png
/work/1mxray/Xray/datasets/Padchest/216840111366964013451228379692012251085008128_01-052-195.png
/work/1mxray/Xray/datasets/Padchest/216840111366964013451228379692012251094406518_01-052-102.png
/work/1mxray/Xray/datasets/Padchest/216840111366964013217898866992011334131105853_01-094-091.png
/work/1mxray/Xray/datasets/Padchest/216840111366964013293097335992012048173805692_01-094-011.png
/work/1mxray/Xray/datasets/Padchest/216840111366964013293097335992012048173805692_01-094-071.png
/work/1mxray/Xray/datasets/Padchest/216840111366964013297909654432012052192633184_01-094-001.png
/work/1mxray/Xray/datasets/Padchest/216840111366964013395900950222012172130816191_01-139-163.png
/work/1mxray/Xray/datasets/Padchest/216840111366964013395900950222012172083452827_01-139-162.png
/work/1mxray/Xray/datasets/Padchest/216840111366964013451228379692012282095057901_01-116-056.png
/work/1mxray/Xray/datasets/Padchest/216840111366964013663026955732013120085008438_01-186-118.png
/work/1mxray/Xray/datasets/Padchest/216840111366964013829543166512013302105243371_01-186-133.png
/work/1mxray/Xray/datasets/Padchest/216840111366964013366713840282012135110431400_01-155-172.png
/work/1mxray/Xray/datasets/Padchest/216840111366964013274515230432012034102916148_01-098-196.png
/work/1mxray/Xray/datasets/Padchest/216840111366964013274515230432012038140527222_01-098-172.png
/work/1mxray/Xray/datasets/Padchest/216840111366964013274515230432012030201002776_01-098-131.png
/work/1mxray/Xray/datasets/Padchest/1275224313319802490271_01-159-149.png
/work/1mxray/Xray/datasets/Padchest/216840111366964013534861372972012333122151149_01-156-087.png
/work/1mxray/Xray/datasets/Padchest/216840111366964013534861372972012333105256995_01-156-195.png
/work/1mxray/Xray/datasets/Padchest/216840111366964013217898866992011355172623033_01-012-142.png
/work/1mxray/Xray/datasets/Padchest/216840111366964013217898866992011355183827075_01-012-097.png
/work/1mxray/Xray/datasets/Padchest/216840111366964013076187734852011167094039740_01-012-199.png
/work/1mxray/Xray/datasets/Padchest/216840111366964013217898866992011348124911787_01-012-050.png
/work/1mxray/Xray/datasets/Padchest/216840111366964013076187734852011165092731374_01-012-170.png
/work/1mxray/Xray/datasets/Padchest/216840111366964013217898866992011348122635461_01-012-092.png
/work/1mxray/Xray/datasets/Padchest/216840111366964013217898866992011348135635857_01-012-033.png
/work/1mxray/Xray/datasets/Padchest/216840111366964013217898866992011355172623033_01-012-059.png
/work/1mxray/Xray/datasets/Padchest/216840111366964013217898866992011350101715590_01-012-109.png
/work/1mxray/Xray/datasets/Padchest/216840111366964013217898866992011348191418408_01-012-018.png
/work/1mxray/Xray/datasets/Padchest/216840111366964013274515230432012045135247569_01-104-004.png
/work/1mxray/Xray/datasets/Padchest/216840111366964013197700988782011301111050595_01-028-106.png
/work/1mxray/Xray/datasets/Padchest/12752243479320241674276_01-029-048.png
/work/1mxray/Xray/datasets/Padchest/216840111366964013200840352202011321184500155_01-029-054.png
/work/1mxray/Xray/datasets/Padchest/216840111366964013200840352202011322121403449_01-026-107.png
/work/1mxray/Xray/datasets/Padchest/216840111366964013200840352202011304120817942_01-026-121.png
/work/1mxray/Xray/datasets/Padchest/216840111366964013217898866992011325114411770_01-033-040.png
/work/1mxray/Xray/datasets/Padchest/216840111366964013200840352202011318153803556_01-033-057.png
/work/1mxray/Xray/datasets/Padchest/216840111366964013200840352202011313112057397_01-030-085.png
/work/1mxray/Xray/datasets/Padchest/216840111366964013334747595492012095114804949_01-113-039.png
/work/1mxray/Xray/datasets/Padchest/216840111366964013334747595492012095114804949_01-113-066.png
/work/1mxray/Xray/datasets/Padchest/216840111366964013334747595492012095133232401_01-113-098.png
/work/1mxray/Xray/datasets/Padchest/216840111366964013334747595492012095132939810_01-113-069.png
/work/1mxray/Xray/datasets/Padchest/216840111366964013217898866992012002105706955_01-047-138.png
/work/1mxray/Xray/datasets/Padchest/216840111366964013217898866992012017193957775_01-047-089.png
/work/1mxray/Xray/datasets/Padchest/216840111366964013389126595622012158105526019_01-144-118.png
/work/1mxray/Xray/datasets/Padchest/216840111366964013515091760022012320104729292_01-150-190.png
/work/1mxray/Xray/datasets/Padchest/216840111366964013890096849122014036130202479_01-180-053.png
/work/1mxray/Xray/datasets/Padchest/216840111366964013297909654432012060125401199_01-082-118.png
/work/1mxray/Xray/datasets/Padchest/216840111366964013307756408102012069110053079_01-082-157.png
/work/1mxray/Xray/datasets/Padchest/216840111366964013307756408102012068133827376_01-082-154.png
/work/1mxray/Xray/datasets/Padchest/216840111366964013307756408102012069114810107_01-082-025.png
/work/1mxray/Xray/datasets/Padchest/216840111366964013307756408102012067132648243_01-082-184.png
/work/1mxray/Xray/datasets/Padchest/12752243479320241790705_01-082-159.png
/work/1mxray/Xray/datasets/Padchest/216840111366964013076187734852011258125608300_01-082-108.png
/work/1mxray/Xray/datasets/Padchest/216840111366964013307756408102012065143845226_01-082-114.png
/work/1mxray/Xray/datasets/Padchest/216840111366964013297909654432012058130528678_01-082-148.png
/work/1mxray/Xray/datasets/Padchest/216840111366964013297909654432012061142608642_01-082-065.png
/work/1mxray/Xray/datasets/Padchest/216840111366964014008416513202014182110456005_01-162-000.png
/work/1mxray/Xray/datasets/Padchest/216840111366964013217898866992012005103251218_01-091-171.png
/work/1mxray/Xray/datasets/Padchest/216840111366964013307756408102012065141819585_01-091-142.png
/work/1mxray/Xray/datasets/Padchest/216840111366964013307756408102012065133201336_01-091-074.png
/work/1mxray/Xray/datasets/Padchest/216840111366964013307756408102012066093648668_01-091-157.png
/work/1mxray/Xray/datasets/Padchest/216840111366964013307756408102012065140954446_01-091-151.png
/work/1mxray/Xray/datasets/Padchest/216840111366964013307756408102012088191701492_01-091-011.png
/work/1mxray/Xray/datasets/Padchest/216840111366964013307756408102012065144539741_01-091-132.png
/work/1mxray/Xray/datasets/Padchest/216840111366964013307756408102012065144539741_01-091-111.png
/work/1mxray/Xray/datasets/Padchest/216840111366964013217898866992011349124950855_01-007-075.png
/work/1mxray/Xray/datasets/Padchest/216840111366964013375835044302012151101211158_01-071-153.png
/work/1mxray/Xray/datasets/Padchest/216840111366964013451228379692012248083227653_01-056-088.png
/work/1mxray/Xray/datasets/Padchest/216840111366964013451228379692012248083227653_01-056-155.png
/work/1mxray/Xray/datasets/Padchest/216840111366964013340662495472012129133925338_01-056-114.png
/work/1mxray/Xray/datasets/Padchest/216840111366964013217898866992011353103640746_01-008-128.png
/work/1mxray/Xray/datasets/Padchest/216840111366964013307756408102012076133525097_01-080-113.png
/work/1mxray/Xray/datasets/Padchest/216840111366964013307756408102012086113917945_01-080-131.png
/work/1mxray/Xray/datasets/Padchest/216840111366964013366713840282012131133504984_01-080-007.png
/work/1mxray/Xray/datasets/Padchest/216840111366964013274515230432012025085222064_01-042-072.png
/work/1mxray/Xray/datasets/Padchest/216840111366964013217898866992012020094850580_01-042-071.png
/work/1mxray/Xray/datasets/Padchest/216840111366964013217898866992012017125008420_01-042-091.png
/work/1mxray/Xray/datasets/Padchest/216840111366964013274515230432012025094012765_01-042-145.png
/work/1mxray/Xray/datasets/Padchest/216840111366964013217898866992012018130744396_01-042-150.png
/work/1mxray/Xray/datasets/Padchest/216840111366964013274515230432012025124108925_01-042-067.png
/work/1mxray/Xray/datasets/Padchest/216840111366964013217898866992012019143913404_01-042-111.png
/work/1mxray/Xray/datasets/Padchest/216840111366964013402131755672012181141544286_01-141-076.png
/work/1mxray/Xray/datasets/Padchest/216840111366964013395900950222012170140615756_01-141-000.png
/work/1mxray/Xray/datasets/Padchest/216840111366964013274515230432012025083757981_01-040-034.png
/work/1mxray/Xray/datasets/Padchest/216840111366964013274515230432012026132924674_01-040-020.png
/work/1mxray/Xray/datasets/Padchest/216840111366964013217898866992012018144515888_01-040-030.png
/work/1mxray/Xray/datasets/Padchest/216840111366964013274515230432012027105230112_01-040-003.png
/work/1mxray/Xray/datasets/Padchest/216840111366964013076187734852011284122223058_01-040-082.png
/work/1mxray/Xray/datasets/Padchest/216840111366964013217898866992012024115744304_01-040-043.png
/work/1mxray/Xray/datasets/Padchest/216840111366964013217898866992012023135008819_01-040-037.png
/work/1mxray/Xray/datasets/Padchest/216840111366964013217898866992012024102831020_01-040-057.png
/work/1mxray/Xray/datasets/Padchest/216840111366964013217898866992012023113501518_01-040-177.png
/work/1mxray/Xray/datasets/Padchest/216840111366964013217898866992012023121530909_01-040-138.png
/work/1mxray/Xray/datasets/Padchest/216840111366964013217898866992012024090236537_01-040-064.png
/work/1mxray/Xray/datasets/Padchest/216840111366964013217898866992012024102852145_01-040-120.png
/work/1mxray/Xray/datasets/Padchest/216840111366964013217898866992012018115647787_01-040-021.png
/work/1mxray/Xray/datasets/Padchest/216840111366964013217898866992012023140506995_01-040-104.png
/work/1mxray/Xray/datasets/Padchest/216840111366964013274515230432012027122358951_01-040-007.png
/work/1mxray/Xray/datasets/Padchest/216840111366964013076187734852011262114804359_01-040-113.png
/work/1mxray/Xray/datasets/Padchest/216840111366964013217898866992012024100500310_01-040-133.png
/work/1mxray/Xray/datasets/Padchest/216840111366964013534861372972012332094730236_01-153-092.png
/work/1mxray/Xray/datasets/Padchest/216840111366964013530061063072012324164812048_01-153-042.png
/work/1mxray/Xray/datasets/Padchest/216840111366964013534861372972012355093530171_01-128-091.png
/work/1mxray/Xray/datasets/Padchest/216840111366964013534861372972012340083148161_01-128-052.png
/work/1mxray/Xray/datasets/Padchest/216840111366964013199786354762011304090909444_01-002-195.png
/work/1mxray/Xray/datasets/Padchest/216840111366964013686042548532013169105326547_01-169-176.png
/work/1mxray/Xray/datasets/Padchest/12752243479320241533070_01-020-140.png
/work/1mxray/Xray/datasets/Padchest/216840111366964012989926673512011147111752254_01-020-080.png
/work/1mxray/Xray/datasets/Padchest/216840111366964013076187734852011179090216394_01-020-003.png
/work/1mxray/Xray/datasets/Padchest/216840111366964013395900950222012167095821235_01-140-045.png
/work/1mxray/Xray/datasets/Padchest/216840111366964013395900950222012171115917546_01-140-005.png
/work/1mxray/Xray/datasets/Padchest/216840111366964013076187734852011181130632863_01-001-047.png
/work/1mxray/Xray/datasets/Padchest/216840111366964013307756408102012075125043118_01-085-000.png
/work/1mxray/Xray/datasets/Padchest/216840111366964013307756408102012075134544830_01-085-130.png
/work/1mxray/Xray/datasets/Padchest/216840111366964013307756408102012075103426851_01-085-131.png
/work/1mxray/Xray/datasets/Padchest/216840111366964013418328332882012207093718400_01-066-184.png
/work/1mxray/Xray/datasets/Padchest/1284011361921821080861721922914126009093222_01-199-100.png
/work/1mxray/Xray/datasets/Padchest/216840111366964013274515230432012027080453724_01-039-187.png
/work/1mxray/Xray/datasets/Padchest/216840111366964013217898866992012018124313874_01-039-192.png
/work/1mxray/Xray/datasets/Padchest/216840111366964013217898866992012017102815159_01-039-144.png
/work/1mxray/Xray/datasets/Padchest/216840111366964013217898866992011362182648687_01-039-094.png
/work/1mxray/Xray/datasets/Padchest/216840111366964013217898866992012013185912011_01-039-064.png
/work/1mxray/Xray/datasets/Padchest/12752243479320241739682_01-039-112.png
/work/1mxray/Xray/datasets/Padchest/216840111366964013217898866992012010102951547_01-039-092.png
/work/1mxray/Xray/datasets/Padchest/216840111366964013217898866992012011185542663_01-039-069.png
/work/1mxray/Xray/datasets/Padchest/216840111366964013217898866992012024133032571_01-039-190.png
/work/1mxray/Xray/datasets/Padchest/216840111366964013217898866992011357131141751_01-048-022.png
/work/1mxray/Xray/datasets/Padchest/216840111366964013274515230432012026104732155_01-048-191.png
/work/1mxray/Xray/datasets/Padchest/216840111366964013274515230432012033121744438_01-100-032.png
/work/1mxray/Xray/datasets/Padchest/216840111366964013340662495472012128113841694_01-152-114.png
/work/1mxray/Xray/datasets/Padchest/216840111366964013530061063072012324164812048_01-152-156.png
/work/1mxray/Xray/datasets/Padchest/216840111366964013451228379692012247143145131_01-053-039.png
/work/1mxray/Xray/datasets/Padchest/216840111366964013451228379692012249115046774_01-053-083.png
/work/1mxray/Xray/datasets/Padchest/216840111366964013451228379692012248143820920_01-053-025.png
/work/1mxray/Xray/datasets/Padchest/216840111366964013451228379692012249140717510_01-053-064.png
/work/1mxray/Xray/datasets/Padchest/216840111366964013451228379692012248104445074_01-053-067.png
/work/1mxray/Xray/datasets/Padchest/216840111366964013451228379692012248142517550_01-053-048.png
/work/1mxray/Xray/datasets/Padchest/216840111366964013451228379692012249140717510_01-053-019.png
/work/1mxray/Xray/datasets/Padchest/216840111366964013439197051132012216122503847_01-035-051.png
/work/1mxray/Xray/datasets/Padchest/216840111366964013076187734852011160122443500_01-017-071.png
/work/1mxray/Xray/datasets/Padchest/216840111366964012989926673512011152093658813_01-017-083.png
/work/1mxray/Xray/datasets/Padchest/216840111366964013515091760022012312131111559_01-149-024.png
/work/1mxray/Xray/datasets/Padchest/216840111366964013515091760022012310151850331_01-149-160.png
/work/1mxray/Xray/datasets/Padchest/216840111366964013307756408102012067132648243_01-083-051.png
/work/1mxray/Xray/datasets/Padchest/216840111366964013307756408102012067135811387_01-083-017.png
/work/1mxray/Xray/datasets/Padchest/216840111366964013297909654432012053111612800_01-083-083.png
/work/1mxray/Xray/datasets/Padchest/216840111366964013307756408102012065143331960_01-083-151.png
/work/1mxray/Xray/datasets/Padchest/216840111366964013297909654432012060134716819_01-083-064.png
/work/1mxray/Xray/datasets/Padchest/216840111366964013307756408102012067104147636_01-083-045.png
/work/1mxray/Xray/datasets/Padchest/216840111366964012989926673512011074105327459_01-083-033.png
/work/1mxray/Xray/datasets/Padchest/216840111366964012989926673512011105124458143_01-083-015.png
/work/1mxray/Xray/datasets/Padchest/216840111366964013297909654432012061135038842_01-083-007.png
/work/1mxray/Xray/datasets/Padchest/216840111366964013307756408102012089145559017_01-083-190.png
/work/1mxray/Xray/datasets/Padchest/216840111366964013217898866992012003131638425_01-050-022.png
/work/1mxray/Xray/datasets/Padchest/1275224313319801723879_01-050-024.png
/work/1mxray/Xray/datasets/Padchest/216840111366964013217898866992012024132846559_01-050-162.png
/work/1mxray/Xray/datasets/Padchest/216840111366964013274515230432012031184657643_01-050-141.png
/work/1mxray/Xray/datasets/Padchest/216840111366964013217898866992011341130652992_01-004-160.png
/work/1mxray/Xray/datasets/Padchest/216840111366964013217898866992011333164842478_01-004-124.png
/work/1mxray/Xray/datasets/Padchest/216840111366964013217898866992011333164842478_01-004-095.png
/work/1mxray/Xray/datasets/Padchest/216840111366964013297909654432012060133453980_01-099-178.png
/work/1mxray/Xray/datasets/Padchest/216840111366964013297909654432012058084908448_01-099-012.png
/work/1mxray/Xray/datasets/Padchest/216840111366964013297909654432012060105109473_01-099-118.png
/work/1mxray/Xray/datasets/Padchest/216840111366964013274515230432012030142519040_01-099-034.png
/work/1mxray/Xray/datasets/Padchest/216840111366964013297909654432012054141527846_01-099-130.png
/work/1mxray/Xray/datasets/Padchest/216840111366964013297909654432012060105109473_01-099-147.png
/work/1mxray/Xray/datasets/Padchest/216840111366964013297909654432012060133011904_01-099-109.png
/work/1mxray/Xray/datasets/Padchest/216840111366964013916396606442014049120805620_01-179-079.png
/work/1mxray/Xray/datasets/Padchest/216840111366964013916396606442014049102211083_01-179-116.png
/work/1mxray/Xray/datasets/Padchest/216840111366964013928906473672014051151846047_01-179-144.png
/work/1mxray/Xray/datasets/Padchest/216840111366964013928871959042014051095936701_01-179-095.png
/work/1mxray/Xray/datasets/Padchest/216840111366964013928871959042014051095936701_01-179-102.png
/work/1mxray/Xray/datasets/Padchest/216840111366964013200840352202011307180304788_01-027-181.png
/work/1mxray/Xray/datasets/Padchest/216840111366964013200840352202011304122550976_01-027-173.png
/work/1mxray/Xray/datasets/Padchest/216840111366964013076187734852011293112716445_01-027-047.png
/work/1mxray/Xray/datasets/Padchest/216840111366964013200840352202011307180304788_01-027-143.png
/work/1mxray/Xray/datasets/Padchest/216840111366964013076187734852011171140202584_01-016-174.png
/work/1mxray/Xray/datasets/Padchest/216840111366964012989926673512011157155657130_01-016-039.png
/work/1mxray/Xray/datasets/Padchest/216840111366964013076187734852011171140202584_01-016-137.png
/work/1mxray/Xray/datasets/Padchest/216840111366964013076187734852011166100540482_01-016-005.png
/work/1mxray/Xray/datasets/Padchest/216840111366964013451228379692012271114148955_01-148-106.png
/work/1mxray/Xray/datasets/Padchest/216840111366964013297909654432012053190444552_01-103-088.png
/work/1mxray/Xray/datasets/Padchest/216840111366964013274515230432012032131129364_01-103-193.png
/work/1mxray/Xray/datasets/Padchest/216840111366964013297909654432012059110842762_01-103-055.png
/work/1mxray/Xray/datasets/Padchest/216840111366964013307756408102012093153219383_01-110-179.png
/work/1mxray/Xray/datasets/Padchest/216840111366964013418328332882012207093718400_01-067-022.png
/work/1mxray/Xray/datasets/Padchest/216840111366964013402131755672012188105237448_01-067-191.png
/work/1mxray/Xray/datasets/Padchest/216840111366964013402131755672012188092954699_01-067-161.png
/work/1mxray/Xray/datasets/Padchest/216840111366964013402131755672012186111631478_01-067-143.png
/work/1mxray/Xray/datasets/Padchest/216840111366964013451228379692012250085849811_01-058-181.png
/work/1mxray/Xray/datasets/Padchest/216840111366964013451228379692012248125201329_01-058-154.png
/work/1mxray/Xray/datasets/Padchest/216840111366964013451228379692012244095917671_01-058-023.png
/work/1mxray/Xray/datasets/Padchest/216840111366964013340662495472012103130804938_01-112-017.png
/work/1mxray/Xray/datasets/Padchest/216840111366964013340662495472012108113143018_01-112-001.png
/work/1mxray/Xray/datasets/Padchest/216840111366964013334747595492012095131357728_01-112-115.png
/work/1mxray/Xray/datasets/Padchest/216840111366964013340662495472012108092844691_01-112-148.png
/work/1mxray/Xray/datasets/Padchest/216840111366964013451228379692012300190924842_01-117-185.png
/work/1mxray/Xray/datasets/Padchest/216840111366964013530061063072012320183217037_01-157-012.png
/work/1mxray/Xray/datasets/Padchest/216840111366964013451228379692012299105425162_01-157-087.png
/work/1mxray/Xray/datasets/Padchest/216840111366964013515091760022012304094626350_01-157-114.png
/work/1mxray/Xray/datasets/Padchest/216840111366964013418328332882012191123756420_01-062-055.png