path,true_label,predicted_as,error_type
/work/1mxray/Xray/datasets/CXR8/00000032_000.png,Frontal,Lateral,"False Positive (Predicted Lateral, Actually Frontal)"
/work/1mxray/Xray/datasets/CXR8/00000032_001.png,Frontal,Lateral,"False Positive (Predicted Lateral, Actually Frontal)"
/work/1mxray/Xray/datasets/CXR8/00000032_003.png,Frontal,Lateral,"False Positive (Predicted Lateral, Actually Frontal)"
/work/1mxray/Xray/datasets/CXR8/00000032_005.png,Frontal,Lateral,"False Positive (Predicted Lateral, Actually Frontal)"
/work/1mxray/Xray/datasets/CXR8/00000032_006.png,Frontal,Lateral,"False Positive (Predicted Lateral, Actually Frontal)"
/work/1mxray/Xray/datasets/CXR8/00000032_007.png,Frontal,Lateral,"False Positive (Predicted Lateral, Actually Frontal)"
/work/1mxray/Xray/datasets/CXR8/00000032_008.png,Frontal,Lateral,"False Positive (Predicted Lateral, Actually Frontal)"
/work/1mxray/Xray/datasets/CXR8/00000032_009.png,Frontal,Lateral,"False Positive (Predicted Lateral, Actually Frontal)"
/work/1mxray/Xray/datasets/CXR8/00000032_010.png,Frontal,Lateral,"False Positive (Predicted Lateral, Actually Frontal)"
/work/1mxray/Xray/datasets/CXR8/00000032_012.png,Frontal,Lateral,"False Positive (Predicted Lateral, Actually Frontal)"
/work/1mxray/Image_truncated_cleaned/work_1mxray_Xray_datasets_CXR8_00000032_014.png,Frontal,Lateral,"False Positive (Predicted Lateral, Actually Frontal)"
/work/1mxray/Xray/datasets/CXR8/00000032_015.png,Frontal,Lateral,"False Positive (Predicted Lateral, Actually Frontal)"
/work/1mxray/Xray/datasets/CXR8/00000032_017.png,Frontal,Lateral,"False Positive (Predicted Lateral, Actually Frontal)"
/work/1mxray/Xray/datasets/CXR8/00000032_018.png,Frontal,Lateral,"False Positive (Predicted Lateral, Actually Frontal)"
/work/1mxray/Xray/datasets/CXR8/00000032_020.png,Frontal,Lateral,"False Positive (Predicted Lateral, Actually Frontal)"
/work/1mxray/Xray/datasets/CXR8/00000032_022.png,Frontal,Lateral,"False Positive (Predicted Lateral, Actually Frontal)"
/work/1mxray/Xray/datasets/CXR8/00000032_024.png,Frontal,Lateral,"False Positive (Predicted Lateral, Actually Frontal)"
/work/1mxray/Xray/datasets/CXR8/00000032_025.png,Frontal,Lateral,"False Positive (Predicted Lateral, Actually Frontal)"
/work/1mxray/Image_truncated_cleaned/work_1mxray_Xray_datasets_CXR8_00000032_036.png,Frontal,Lateral,"False Positive (Predicted Lateral, Actually Frontal)"
/work/1mxray/Xray/datasets/CXR8/00000032_038.png,Frontal,Lateral,"False Positive (Predicted Lateral, Actually Frontal)"
/work/1mxray/Xray/datasets/CXR8/00000032_039.png,Frontal,Lateral,"False Positive (Predicted Lateral, Actually Frontal)"
/work/1mxray/Xray/datasets/CXR8/00000032_043.png,Frontal,Lateral,"False Positive (Predicted Lateral, Actually Frontal)"
/work/1mxray/Image_truncated_cleaned/work_1mxray_Xray_datasets_CXR8_00000032_044.png,Frontal,Lateral,"False Positive (Predicted Lateral, Actually Frontal)"
/work/1mxray/Xray/datasets/CXR8/00000061_007.png,Frontal,Lateral,"False Positive (Predicted Lateral, Actually Frontal)"
/work/1mxray/Image_truncated_cleaned/work_1mxray_Xray_datasets_CXR8_00000096_004.png,Frontal,Lateral,"False Positive (Predicted Lateral, Actually Frontal)"
/work/1mxray/Image_truncated_cleaned/work_1mxray_Xray_datasets_CXR8_00000116_000.png,Frontal,Lateral,"False Positive (Predicted Lateral, Actually Frontal)"
/work/1mxray/Xray/datasets/CXR8/00000116_001.png,Frontal,Lateral,"False Positive (Predicted Lateral, Actually Frontal)"
/work/1mxray/Xray/datasets/CXR8/00000116_002.png,Frontal,Lateral,"False Positive (Predicted Lateral, Actually Frontal)"
/work/1mxray/Xray/datasets/CXR8/00000116_003.png,Frontal,Lateral,"False Positive (Predicted Lateral, Actually Frontal)"
/work/1mxray/Xray/datasets/CXR8/00000116_004.png,Frontal,Lateral,"False Positive (Predicted Lateral, Actually Frontal)"
/work/1mxray/Xray/datasets/CXR8/00000116_005.png,Frontal,Lateral,"False Positive (Predicted Lateral, Actually Frontal)"
/work/1mxray/Xray/datasets/CXR8/00000116_006.png,Frontal,Lateral,"False Positive (Predicted Lateral, Actually Frontal)"
/work/1mxray/Xray/datasets/CXR8/00000116_008.png,Frontal,Lateral,"False Positive (Predicted Lateral, Actually Frontal)"
/work/1mxray/Xray/datasets/CXR8/00000116_009.png,Frontal,Lateral,"False Positive (Predicted Lateral, Actually Frontal)"
/work/1mxray/Xray/datasets/CXR8/00000116_012.png,Frontal,Lateral,"False Positive (Predicted Lateral, Actually Frontal)"
/work/1mxray/Image_truncated_cleaned/work_1mxray_Xray_datasets_CXR8_00000116_013.png,Frontal,Lateral,"False Positive (Predicted Lateral, Actually Frontal)"
/work/1mxray/Xray/datasets/CXR8/00000116_014.png,Frontal,Lateral,"False Positive (Predicted Lateral, Actually Frontal)"
/work/1mxray/Xray/datasets/CXR8/00000116_015.png,Frontal,Lateral,"False Positive (Predicted Lateral, Actually Frontal)"
/work/1mxray/Xray/datasets/CXR8/00000116_016.png,Frontal,Lateral,"False Positive (Predicted Lateral, Actually Frontal)"
/work/1mxray/Xray/datasets/CXR8/00000116_017.png,Frontal,Lateral,"False Positive (Predicted Lateral, Actually Frontal)"
/work/1mxray/Xray/datasets/CXR8/00000116_018.png,Frontal,Lateral,"False Positive (Predicted Lateral, Actually Frontal)"
/work/1mxray/Xray/datasets/CXR8/00000116_019.png,Frontal,Lateral,"False Positive (Predicted Lateral, Actually Frontal)"
/work/1mxray/Xray/datasets/CXR8/00000116_020.png,Frontal,Lateral,"False Positive (Predicted Lateral, Actually Frontal)"
/work/1mxray/Xray/datasets/CXR8/00000116_021.png,Frontal,Lateral,"False Positive (Predicted Lateral, Actually Frontal)"
/work/1mxray/Xray/datasets/CXR8/00000116_022.png,Frontal,Lateral,"False Positive (Predicted Lateral, Actually Frontal)"
/work/1mxray/Xray/datasets/CXR8/00000116_023.png,Frontal,Lateral,"False Positive (Predicted Lateral, Actually Frontal)"
/work/1mxray/Xray/datasets/CXR8/00000116_024.png,Frontal,Lateral,"False Positive (Predicted Lateral, Actually Frontal)"
/work/1mxray/Xray/datasets/CXR8/00000116_025.png,Frontal,Lateral,"False Positive (Predicted Lateral, Actually Frontal)"
/work/1mxray/Xray/datasets/CXR8/00000116_026.png,Frontal,Lateral,"False Positive (Predicted Lateral, Actually Frontal)"
/work/1mxray/Xray/datasets/CXR8/00000116_027.png,Frontal,Lateral,"False Positive (Predicted Lateral, Actually Frontal)"
/work/1mxray/Xray/datasets/CXR8/00000116_028.png,Frontal,Lateral,"False Positive (Predicted Lateral, Actually Frontal)"
/work/1mxray/Xray/datasets/CXR8/00000116_029.png,Frontal,Lateral,"False Positive (Predicted Lateral, Actually Frontal)"
/work/1mxray/Xray/datasets/CXR8/00000116_030.png,Frontal,Lateral,"False Positive (Predicted Lateral, Actually Frontal)"
/work/1mxray/Xray/datasets/CXR8/00000116_031.png,Frontal,Lateral,"False Positive (Predicted Lateral, Actually Frontal)"
/work/1mxray/Xray/datasets/CXR8/00000116_032.png,Frontal,Lateral,"False Positive (Predicted Lateral, Actually Frontal)"
/work/1mxray/Xray/datasets/CXR8/00000116_033.png,Frontal,Lateral,"False Positive (Predicted Lateral, Actually Frontal)"
/work/1mxray/Xray/datasets/CXR8/00000116_034.png,Frontal,Lateral,"False Positive (Predicted Lateral, Actually Frontal)"
/work/1mxray/Xray/datasets/CXR8/00000116_035.png,Frontal,Lateral,"False Positive (Predicted Lateral, Actually Frontal)"
/work/1mxray/Xray/datasets/CXR8/00000116_036.png,Frontal,Lateral,"False Positive (Predicted Lateral, Actually Frontal)"
/work/1mxray/Xray/datasets/CXR8/00000116_037.png,Frontal,Lateral,"False Positive (Predicted Lateral, Actually Frontal)"
/work/1mxray/Xray/datasets/CXR8/00000116_040.png,Frontal,Lateral,"False Positive (Predicted Lateral, Actually Frontal)"
/work/1mxray/Xray/datasets/CXR8/00000167_000.png,Frontal,Lateral,"False Positive (Predicted Lateral, Actually Frontal)"
/work/1mxray/Image_truncated_cleaned/work_1mxray_Xray_datasets_CXR8_00000322_004.png,Frontal,Lateral,"False Positive (Predicted Lateral, Actually Frontal)"
/work/1mxray/Xray/datasets/CXR8/00000324_002.png,Frontal,Lateral,"False Positive (Predicted Lateral, Actually Frontal)"
/work/1mxray/Xray/datasets/CXR8/00000324_003.png,Frontal,Lateral,"False Positive (Predicted Lateral, Actually Frontal)"
/work/1mxray/Xray/datasets/CXR8/00000324_004.png,Frontal,Lateral,"False Positive (Predicted Lateral, Actually Frontal)"
/work/1mxray/Xray/datasets/CXR8/00000324_012.png,Frontal,Lateral,"False Positive (Predicted Lateral, Actually Frontal)"
/work/1mxray/Xray/datasets/CXR8/00000344_003.png,Frontal,Lateral,"False Positive (Predicted Lateral, Actually Frontal)"
/work/1mxray/Image_truncated_cleaned/work_1mxray_Xray_datasets_CXR8_00000372_013.png,Frontal,Lateral,"False Positive (Predicted Lateral, Actually Frontal)"
/work/1mxray/Xray/datasets/CXR8/00000387_001.png,Frontal,Lateral,"False Positive (Predicted Lateral, Actually Frontal)"
/work/1mxray/Image_truncated_cleaned/work_1mxray_Xray_datasets_CXR8_00000398_001.png,Frontal,Lateral,"False Positive (Predicted Lateral, Actually Frontal)"
/work/1mxray/Xray/datasets/CXR8/00000398_002.png,Frontal,Lateral,"False Positive (Predicted Lateral, Actually Frontal)"
/work/1mxray/Image_truncated_cleaned/work_1mxray_Xray_datasets_CXR8_00000398_004.png,Frontal,Lateral,"False Positive (Predicted Lateral, Actually Frontal)"
/work/1mxray/Xray/datasets/CXR8/00000491_003.png,Frontal,Lateral,"False Positive (Predicted Lateral, Actually Frontal)"
/work/1mxray/Xray/datasets/CXR8/00000517_001.png,Lateral,Frontal,"False Negative (Predicted Frontal, Actually Lateral)"
/work/1mxray/Xray/datasets/CXR8/00000565_000.png,Frontal,Lateral,"False Positive (Predicted Lateral, Actually Frontal)"
/work/1mxray/Image_truncated_cleaned/work_1mxray_Xray_datasets_CXR8_00000591_003.png,Lateral,Frontal,"False Negative (Predicted Frontal, Actually Lateral)"
/work/1mxray/Xray/datasets/CXR8/00000628_000.png,Frontal,Lateral,"False Positive (Predicted Lateral, Actually Frontal)"
/work/1mxray/Xray/datasets/CXR8/00000732_007.png,Lateral,Frontal,"False Negative (Predicted Frontal, Actually Lateral)"
/work/1mxray/Image_truncated_cleaned/work_1mxray_Xray_datasets_CXR8_00000831_007.png,Frontal,Lateral,"False Positive (Predicted Lateral, Actually Frontal)"
/work/1mxray/Image_truncated_cleaned/work_1mxray_Xray_datasets_CXR8_00000929_002.png,Frontal,Lateral,"False Positive (Predicted Lateral, Actually Frontal)"
/work/1mxray/Xray/datasets/CXR8/00000942_001.png,Frontal,Lateral,"False Positive (Predicted Lateral, Actually Frontal)"
/work/1mxray/Xray/datasets/CXR8/00000942_002.png,Frontal,Lateral,"False Positive (Predicted Lateral, Actually Frontal)"
/work/1mxray/Xray/datasets/CXR8/00000966_000.png,Lateral,Frontal,"False Negative (Predicted Frontal, Actually Lateral)"
/work/1mxray/Image_truncated_cleaned/work_1mxray_Xray_datasets_CXR8_00001085_000.png,Lateral,Frontal,"False Negative (Predicted Frontal, Actually Lateral)"
/work/1mxray/Image_truncated_cleaned/work_1mxray_Xray_datasets_CXR8_00001104_011.png,Lateral,Frontal,"False Negative (Predicted Frontal, Actually Lateral)"
/work/1mxray/Image_truncated_cleaned/work_1mxray_Xray_datasets_CXR8_00001136_001.png,Lateral,Frontal,"False Negative (Predicted Frontal, Actually Lateral)"
/work/1mxray/Image_truncated_cleaned/work_1mxray_Xray_datasets_CXR8_00001153_005.png,Lateral,Frontal,"False Negative (Predicted Frontal, Actually Lateral)"
/work/1mxray/Xray/datasets/CXR8/00001272_000.png,Frontal,Lateral,"False Positive (Predicted Lateral, Actually Frontal)"
/work/1mxray/Xray/datasets/CXR8/00001285_002.png,Frontal,Lateral,"False Positive (Predicted Lateral, Actually Frontal)"
/work/1mxray/Image_truncated_cleaned/work_1mxray_Xray_datasets_CXR8_00001285_003.png,Frontal,Lateral,"False Positive (Predicted Lateral, Actually Frontal)"
/work/1mxray/Xray/datasets/CXR8/00001285_004.png,Frontal,Lateral,"False Positive (Predicted Lateral, Actually Frontal)"
/work/1mxray/Xray/datasets/CXR8/00001382_001.png,Frontal,Lateral,"False Positive (Predicted Lateral, Actually Frontal)"
/work/1mxray/Image_truncated_cleaned/work_1mxray_Xray_datasets_CXR8_00001573_000.png,Frontal,Lateral,"False Positive (Predicted Lateral, Actually Frontal)"
/work/1mxray/Image_truncated_cleaned/work_1mxray_Xray_datasets_CXR8_00001577_002.png,Frontal,Lateral,"False Positive (Predicted Lateral, Actually Frontal)"
/work/1mxray/Image_truncated_cleaned/work_1mxray_Xray_datasets_CXR8_00001602_000.png,Lateral,Frontal,"False Negative (Predicted Frontal, Actually Lateral)"
/work/1mxray/Image_truncated_cleaned/work_1mxray_Xray_datasets_CXR8_00001758_001.png,Lateral,Frontal,"False Negative (Predicted Frontal, Actually Lateral)"
/work/1mxray/Xray/datasets/CXR8/00001803_003.png,Lateral,Frontal,"False Negative (Predicted Frontal, Actually Lateral)"
/work/1mxray/Xray/datasets/CXR8/00001855_007.png,Frontal,Lateral,"False Positive (Predicted Lateral, Actually Frontal)"
/work/1mxray/Image_truncated_cleaned/work_1mxray_Xray_datasets_CXR8_00001855_011.png,Frontal,Lateral,"False Positive (Predicted Lateral, Actually Frontal)"
/work/1mxray/Image_truncated_cleaned/work_1mxray_Xray_datasets_CXR8_00001900_024.png,Frontal,Lateral,"False Positive (Predicted Lateral, Actually Frontal)"
/work/1mxray/Xray/datasets/CXR8/00001900_028.png,Frontal,Lateral,"False Positive (Predicted Lateral, Actually Frontal)"
/work/1mxray/Xray/datasets/CXR8/00001900_030.png,Frontal,Lateral,"False Positive (Predicted Lateral, Actually Frontal)"
/work/1mxray/Xray/datasets/CXR8/00002058_012.png,Lateral,Frontal,"False Negative (Predicted Frontal, Actually Lateral)"
/work/1mxray/Xray/datasets/CXR8/00002097_000.png,Lateral,Frontal,"False Negative (Predicted Frontal, Actually Lateral)"
/work/1mxray/Xray/datasets/CXR8/00002117_003.png,Lateral,Frontal,"False Negative (Predicted Frontal, Actually Lateral)"
/work/1mxray/Xray/datasets/CXR8/00002176_009.png,Frontal,Lateral,"False Positive (Predicted Lateral, Actually Frontal)"
/work/1mxray/Xray/datasets/CXR8/00002299_002.png,Lateral,Frontal,"False Negative (Predicted Frontal, Actually Lateral)"
/work/1mxray/Xray/datasets/CXR8/00002331_003.png,Frontal,Lateral,"False Positive (Predicted Lateral, Actually Frontal)"
/work/1mxray/Xray/datasets/CXR8/00002331_005.png,Frontal,Lateral,"False Positive (Predicted Lateral, Actually Frontal)"
/work/1mxray/Image_truncated_cleaned/work_1mxray_Xray_datasets_CXR8_00002354_000.png,Lateral,Frontal,"False Negative (Predicted Frontal, Actually Lateral)"
/work/1mxray/Xray/datasets/CXR8/00002391_000.png,Lateral,Frontal,"False Negative (Predicted Frontal, Actually Lateral)"
/work/1mxray/Xray/datasets/CXR8/00002437_017.png,Frontal,Lateral,"False Positive (Predicted Lateral, Actually Frontal)"
/work/1mxray/Xray/datasets/CXR8/00002592_003.png,Lateral,Frontal,"False Negative (Predicted Frontal, Actually Lateral)"
/work/1mxray/Xray/datasets/CXR8/00002639_009.png,Lateral,Frontal,"False Negative (Predicted Frontal, Actually Lateral)"
/work/1mxray/Xray/datasets/CXR8/00002644_006.png,Lateral,Frontal,"False Negative (Predicted Frontal, Actually Lateral)"
/work/1mxray/Image_truncated_cleaned/work_1mxray_Xray_datasets_CXR8_00002650_001.png,Frontal,Lateral,"False Positive (Predicted Lateral, Actually Frontal)"
/work/1mxray/Xray/datasets/CXR8/00002705_000.png,Lateral,Frontal,"False Negative (Predicted Frontal, Actually Lateral)"
/work/1mxray/Xray/datasets/CXR8/00002958_000.png,Frontal,Lateral,"False Positive (Predicted Lateral, Actually Frontal)"
/work/1mxray/Xray/datasets/CXR8/00002958_001.png,Frontal,Lateral,"False Positive (Predicted Lateral, Actually Frontal)"
/work/1mxray/Xray/datasets/CXR8/00002958_002.png,Frontal,Lateral,"False Positive (Predicted Lateral, Actually Frontal)"
/work/1mxray/Xray/datasets/CXR8/00003005_007.png,Frontal,Lateral,"False Positive (Predicted Lateral, Actually Frontal)"
/work/1mxray/Xray/datasets/CXR8/00003005_008.png,Frontal,Lateral,"False Positive (Predicted Lateral, Actually Frontal)"
/work/1mxray/Xray/datasets/CXR8/00003023_000.png,Lateral,Frontal,"False Negative (Predicted Frontal, Actually Lateral)"
/work/1mxray/Image_truncated_cleaned/work_1mxray_Xray_datasets_CXR8_00003059_000.png,Frontal,Lateral,"False Positive (Predicted Lateral, Actually Frontal)"
/work/1mxray/Xray/datasets/CXR8/00003094_002.png,Lateral,Frontal,"False Negative (Predicted Frontal, Actually Lateral)"
/work/1mxray/Xray/datasets/CXR8/00003122_001.png,Lateral,Frontal,"False Negative (Predicted Frontal, Actually Lateral)"
/work/1mxray/Xray/datasets/CXR8/00003305_000.png,Frontal,Lateral,"False Positive (Predicted Lateral, Actually Frontal)"
/work/1mxray/Xray/datasets/CXR8/00003337_005.png,Frontal,Lateral,"False Positive (Predicted Lateral, Actually Frontal)"
/work/1mxray/Xray/datasets/CXR8/00003423_011.png,Frontal,Lateral,"False Positive (Predicted Lateral, Actually Frontal)"
/work/1mxray/Xray/datasets/CXR8/00003423_013.png,Frontal,Lateral,"False Positive (Predicted Lateral, Actually Frontal)"
/work/1mxray/Xray/datasets/CXR8/00003423_016.png,Frontal,Lateral,"False Positive (Predicted Lateral, Actually Frontal)"
/work/1mxray/Xray/datasets/CXR8/00003423_021.png,Frontal,Lateral,"False Positive (Predicted Lateral, Actually Frontal)"
/work/1mxray/Image_truncated_cleaned/work_1mxray_Xray_datasets_CXR8_00003426_035.png,Lateral,Frontal,"False Negative (Predicted Frontal, Actually Lateral)"
/work/1mxray/Xray/datasets/CXR8/00004022_000.png,Frontal,Lateral,"False Positive (Predicted Lateral, Actually Frontal)"
/work/1mxray/Xray/datasets/CXR8/00004033_000.png,Frontal,Lateral,"False Positive (Predicted Lateral, Actually Frontal)"
/work/1mxray/Xray/datasets/CXR8/00004075_002.png,Frontal,Lateral,"False Positive (Predicted Lateral, Actually Frontal)"
/work/1mxray/Xray/datasets/CXR8/00004096_001.png,Frontal,Lateral,"False Positive (Predicted Lateral, Actually Frontal)"
/work/1mxray/Xray/datasets/CXR8/00004257_005.png,Frontal,Lateral,"False Positive (Predicted Lateral, Actually Frontal)"
/work/1mxray/Xray/datasets/CXR8/00004512_000.png,Frontal,Lateral,"False Positive (Predicted Lateral, Actually Frontal)"
/work/1mxray/Xray/datasets/CXR8/00004512_001.png,Frontal,Lateral,"False Positive (Predicted Lateral, Actually Frontal)"
/work/1mxray/Xray/datasets/CXR8/00004512_002.png,Frontal,Lateral,"False Positive (Predicted Lateral, Actually Frontal)"
/work/1mxray/Xray/datasets/CXR8/00004512_003.png,Frontal,Lateral,"False Positive (Predicted Lateral, Actually Frontal)"
/work/1mxray/Xray/datasets/CXR8/00004512_004.png,Frontal,Lateral,"False Positive (Predicted Lateral, Actually Frontal)"
/work/1mxray/Xray/datasets/CXR8/00004512_005.png,Frontal,Lateral,"False Positive (Predicted Lateral, Actually Frontal)"
/work/1mxray/Xray/datasets/CXR8/00004512_006.png,Frontal,Lateral,"False Positive (Predicted Lateral, Actually Frontal)"
/work/1mxray/Xray/datasets/CXR8/00004512_007.png,Frontal,Lateral,"False Positive (Predicted Lateral, Actually Frontal)"
/work/1mxray/Image_truncated_cleaned/work_1mxray_Xray_datasets_CXR8_00004533_004.png,Lateral,Frontal,"False Negative (Predicted Frontal, Actually Lateral)"
/work/1mxray/Xray/datasets/CXR8/00004535_000.png,Frontal,Lateral,"False Positive (Predicted Lateral, Actually Frontal)"
/work/1mxray/Image_truncated_cleaned/work_1mxray_Xray_datasets_CXR8_00004605_006.png,Frontal,Lateral,"False Positive (Predicted Lateral, Actually Frontal)"
/work/1mxray/Image_truncated_cleaned/work_1mxray_Xray_datasets_CXR8_00004605_007.png,Lateral,Frontal,"False Negative (Predicted Frontal, Actually Lateral)"
/work/1mxray/Image_truncated_cleaned/work_1mxray_Xray_datasets_CXR8_00004743_000.png,Frontal,Lateral,"False Positive (Predicted Lateral, Actually Frontal)"
/work/1mxray/Xray/datasets/CXR8/00004808_001.png,Lateral,Frontal,"False Negative (Predicted Frontal, Actually Lateral)"
/work/1mxray/Xray/datasets/CXR8/00004819_003.png,Frontal,Lateral,"False Positive (Predicted Lateral, Actually Frontal)"
/work/1mxray/Image_truncated_cleaned/work_1mxray_Xray_datasets_CXR8_00004822_022.png,Frontal,Lateral,"False Positive (Predicted Lateral, Actually Frontal)"
/work/1mxray/Xray/datasets/CXR8/00004822_038.png,Frontal,Lateral,"False Positive (Predicted Lateral, Actually Frontal)"
/work/1mxray/Image_truncated_cleaned/work_1mxray_Xray_datasets_CXR8_00004824_002.png,Frontal,Lateral,"False Positive (Predicted Lateral, Actually Frontal)"
/work/1mxray/Xray/datasets/CXR8/00004824_003.png,Frontal,Lateral,"False Positive (Predicted Lateral, Actually Frontal)"
/work/1mxray/Xray/datasets/CXR8/00004824_004.png,Frontal,Lateral,"False Positive (Predicted Lateral, Actually Frontal)"
/work/1mxray/Xray/datasets/CXR8/00004824_006.png,Frontal,Lateral,"False Positive (Predicted Lateral, Actually Frontal)"
/work/1mxray/Xray/datasets/CXR8/00004824_015.png,Frontal,Lateral,"False Positive (Predicted Lateral, Actually Frontal)"
/work/1mxray/Xray/datasets/CXR8/00004824_017.png,Frontal,Lateral,"False Positive (Predicted Lateral, Actually Frontal)"
/work/1mxray/Image_truncated_cleaned/work_1mxray_Xray_datasets_CXR8_00004875_000.png,Frontal,Lateral,"False Positive (Predicted Lateral, Actually Frontal)"
/work/1mxray/Image_truncated_cleaned/work_1mxray_Xray_datasets_CXR8_00004906_000.png,Lateral,Frontal,"False Negative (Predicted Frontal, Actually Lateral)"
/work/1mxray/Image_truncated_cleaned/work_1mxray_Xray_datasets_CXR8_00005069_008.png,Frontal,Lateral,"False Positive (Predicted Lateral, Actually Frontal)"
/work/1mxray/Xray/datasets/CXR8/00005079_015.png,Frontal,Lateral,"False Positive (Predicted Lateral, Actually Frontal)"
/work/1mxray/Xray/datasets/CXR8/00005079_017.png,Frontal,Lateral,"False Positive (Predicted Lateral, Actually Frontal)"
/work/1mxray/Xray/datasets/CXR8/00005079_018.png,Frontal,Lateral,"False Positive (Predicted Lateral, Actually Frontal)"
/work/1mxray/Xray/datasets/CXR8/00005079_019.png,Frontal,Lateral,"False Positive (Predicted Lateral, Actually Frontal)"
/work/1mxray/Xray/datasets/CXR8/00005138_008.png,Frontal,Lateral,"False Positive (Predicted Lateral, Actually Frontal)"
/work/1mxray/Xray/datasets/CXR8/00005192_001.png,Lateral,Frontal,"False Negative (Predicted Frontal, Actually Lateral)"
/work/1mxray/Xray/datasets/CXR8/00005238_000.png,Lateral,Frontal,"False Negative (Predicted Frontal, Actually Lateral)"
/work/1mxray/Xray/datasets/CXR8/00005260_000.png,Lateral,Frontal,"False Negative (Predicted Frontal, Actually Lateral)"
/work/1mxray/Image_truncated_cleaned/work_1mxray_Xray_datasets_CXR8_00005286_001.png,Lateral,Frontal,"False Negative (Predicted Frontal, Actually Lateral)"
/work/1mxray/Image_truncated_cleaned/work_1mxray_Xray_datasets_CXR8_00005365_015.png,Frontal,Lateral,"False Positive (Predicted Lateral, Actually Frontal)"
/work/1mxray/Image_truncated_cleaned/work_1mxray_Xray_datasets_CXR8_00005400_009.png,Lateral,Frontal,"False Negative (Predicted Frontal, Actually Lateral)"
/work/1mxray/Image_truncated_cleaned/work_1mxray_Xray_datasets_CXR8_00005475_000.png,Lateral,Frontal,"False Negative (Predicted Frontal, Actually Lateral)"
/work/1mxray/Xray/datasets/CXR8/00005530_001.png,Lateral,Frontal,"False Negative (Predicted Frontal, Actually Lateral)"
/work/1mxray/Xray/datasets/CXR8/00005589_001.png,Frontal,Lateral,"False Positive (Predicted Lateral, Actually Frontal)"
/work/1mxray/Xray/datasets/CXR8/00005600_000.png,Frontal,Lateral,"False Positive (Predicted Lateral, Actually Frontal)"
/work/1mxray/Xray/datasets/CXR8/00005600_001.png,Frontal,Lateral,"False Positive (Predicted Lateral, Actually Frontal)"
/work/1mxray/Xray/datasets/CXR8/00005600_003.png,Frontal,Lateral,"False Positive (Predicted Lateral, Actually Frontal)"
/work/1mxray/Xray/datasets/CXR8/00005646_004.png,Frontal,Lateral,"False Positive (Predicted Lateral, Actually Frontal)"
/work/1mxray/Xray/datasets/CXR8/00005655_000.png,Lateral,Frontal,"False Negative (Predicted Frontal, Actually Lateral)"
/work/1mxray/Xray/datasets/CXR8/00005748_000.png,Frontal,Lateral,"False Positive (Predicted Lateral, Actually Frontal)"
/work/1mxray/Image_truncated_cleaned/work_1mxray_Xray_datasets_CXR8_00005794_010.png,Lateral,Frontal,"False Negative (Predicted Frontal, Actually Lateral)"
/work/1mxray/Image_truncated_cleaned/work_1mxray_Xray_datasets_CXR8_00005808_000.png,Frontal,Lateral,"False Positive (Predicted Lateral, Actually Frontal)"
/work/1mxray/Xray/datasets/CXR8/00005982_002.png,Frontal,Lateral,"False Positive (Predicted Lateral, Actually Frontal)"
/work/1mxray/Xray/datasets/CXR8/00006089_000.png,Lateral,Frontal,"False Negative (Predicted Frontal, Actually Lateral)"
/work/1mxray/Image_truncated_cleaned/work_1mxray_Xray_datasets_CXR8_00006138_010.png,Lateral,Frontal,"False Negative (Predicted Frontal, Actually Lateral)"
/work/1mxray/Xray/datasets/CXR8/00006242_005.png,Frontal,Lateral,"False Positive (Predicted Lateral, Actually Frontal)"
/work/1mxray/Xray/datasets/CXR8/00006242_007.png,Frontal,Lateral,"False Positive (Predicted Lateral, Actually Frontal)"
/work/1mxray/Xray/datasets/CXR8/00006242_008.png,Frontal,Lateral,"False Positive (Predicted Lateral, Actually Frontal)"
/work/1mxray/Xray/datasets/CXR8/00006242_009.png,Frontal,Lateral,"False Positive (Predicted Lateral, Actually Frontal)"
/work/1mxray/Xray/datasets/CXR8/00006425_014.png,Frontal,Lateral,"False Positive (Predicted Lateral, Actually Frontal)"
/work/1mxray/Xray/datasets/CXR8/00006425_018.png,Frontal,Lateral,"False Positive (Predicted Lateral, Actually Frontal)"
/work/1mxray/Image_truncated_cleaned/work_1mxray_Xray_datasets_CXR8_00006444_007.png,Lateral,Frontal,"False Negative (Predicted Frontal, Actually Lateral)"
/work/1mxray/Image_truncated_cleaned/work_1mxray_Xray_datasets_CXR8_00006462_008.png,Lateral,Frontal,"False Negative (Predicted Frontal, Actually Lateral)"
/work/1mxray/Xray/datasets/CXR8/00006671_000.png,Frontal,Lateral,"False Positive (Predicted Lateral, Actually Frontal)"
/work/1mxray/Xray/datasets/CXR8/00006763_013.png,Frontal,Lateral,"False Positive (Predicted Lateral, Actually Frontal)"
/work/1mxray/Xray/datasets/CXR8/00006763_014.png,Frontal,Lateral,"False Positive (Predicted Lateral, Actually Frontal)"
/work/1mxray/Xray/datasets/CXR8/00006763_015.png,Frontal,Lateral,"False Positive (Predicted Lateral, Actually Frontal)"
/work/1mxray/Image_truncated_cleaned/work_1mxray_Xray_datasets_CXR8_00006836_008.png,Lateral,Frontal,"False Negative (Predicted Frontal, Actually Lateral)"
/work/1mxray/Image_truncated_cleaned/work_1mxray_Xray_datasets_CXR8_00006948_018.png,Frontal,Lateral,"False Positive (Predicted Lateral, Actually Frontal)"
/work/1mxray/Xray/datasets/CXR8/00006948_019.png,Frontal,Lateral,"False Positive (Predicted Lateral, Actually Frontal)"
/work/1mxray/Xray/datasets/CXR8/00006948_020.png,Frontal,Lateral,"False Positive (Predicted Lateral, Actually Frontal)"
/work/1mxray/Xray/datasets/CXR8/00006948_021.png,Frontal,Lateral,"False Positive (Predicted Lateral, Actually Frontal)"
/work/1mxray/Xray/datasets/CXR8/00006948_023.png,Frontal,Lateral,"False Positive (Predicted Lateral, Actually Frontal)"
/work/1mxray/Xray/datasets/CXR8/00006948_024.png,Frontal,Lateral,"False Positive (Predicted Lateral, Actually Frontal)"
/work/1mxray/Xray/datasets/CXR8/00006953_004.png,Lateral,Frontal,"False Negative (Predicted Frontal, Actually Lateral)"
/work/1mxray/Image_truncated_cleaned/work_1mxray_Xray_datasets_CXR8_00007113_001.png,Lateral,Frontal,"False Negative (Predicted Frontal, Actually Lateral)"
/work/1mxray/Xray/datasets/CXR8/00007193_004.png,Frontal,Lateral,"False Positive (Predicted Lateral, Actually Frontal)"
/work/1mxray/Xray/datasets/CXR8/00007193_005.png,Frontal,Lateral,"False Positive (Predicted Lateral, Actually Frontal)"
/work/1mxray/Xray/datasets/CXR8/00007195_003.png,Frontal,Lateral,"False Positive (Predicted Lateral, Actually Frontal)"
/work/1mxray/Image_truncated_cleaned/work_1mxray_Xray_datasets_CXR8_00007320_003.png,Frontal,Lateral,"False Positive (Predicted Lateral, Actually Frontal)"
/work/1mxray/Image_truncated_cleaned/work_1mxray_Xray_datasets_CXR8_00007340_006.png,Lateral,Frontal,"False Negative (Predicted Frontal, Actually Lateral)"
/work/1mxray/Image_truncated_cleaned/work_1mxray_Xray_datasets_CXR8_00007454_001.png,Lateral,Frontal,"False Negative (Predicted Frontal, Actually Lateral)"
/work/1mxray/Image_truncated_cleaned/work_1mxray_Xray_datasets_CXR8_00007482_010.png,Lateral,Frontal,"False Negative (Predicted Frontal, Actually Lateral)"
/work/1mxray/Xray/datasets/CXR8/00007519_003.png,Frontal,Lateral,"False Positive (Predicted Lateral, Actually Frontal)"
/work/1mxray/Xray/datasets/CXR8/00007523_000.png,Lateral,Frontal,"False Negative (Predicted Frontal, Actually Lateral)"
/work/1mxray/Xray/datasets/CXR8/00007526_003.png,Lateral,Frontal,"False Negative (Predicted Frontal, Actually Lateral)"
/work/1mxray/Image_truncated_cleaned/work_1mxray_Xray_datasets_CXR8_00007557_012.png,Frontal,Lateral,"False Positive (Predicted Lateral, Actually Frontal)"
/work/1mxray/Xray/datasets/CXR8/00007557_024.png,Frontal,Lateral,"False Positive (Predicted Lateral, Actually Frontal)"
/work/1mxray/Image_truncated_cleaned/work_1mxray_Xray_datasets_CXR8_00007628_000.png,Lateral,Frontal,"False Negative (Predicted Frontal, Actually Lateral)"
/work/1mxray/Xray/datasets/CXR8/00007670_035.png,Frontal,Lateral,"False Positive (Predicted Lateral, Actually Frontal)"
/work/1mxray/Xray/datasets/CXR8/00007679_003.png,Frontal,Lateral,"False Positive (Predicted Lateral, Actually Frontal)"
/work/1mxray/Xray/datasets/CXR8/00007705_001.png,Frontal,Lateral,"False Positive (Predicted Lateral, Actually Frontal)"
/work/1mxray/Image_truncated_cleaned/work_1mxray_Xray_datasets_CXR8_00007716_007.png,Lateral,Frontal,"False Negative (Predicted Frontal, Actually Lateral)"
/work/1mxray/Image_truncated_cleaned/work_1mxray_Xray_datasets_CXR8_00007830_007.png,Frontal,Lateral,"False Positive (Predicted Lateral, Actually Frontal)"
/work/1mxray/Image_truncated_cleaned/work_1mxray_Xray_datasets_CXR8_00007882_002.png,Lateral,Frontal,"False Negative (Predicted Frontal, Actually Lateral)"
/work/1mxray/Image_truncated_cleaned/work_1mxray_Xray_datasets_CXR8_00007922_002.png,Lateral,Frontal,"False Negative (Predicted Frontal, Actually Lateral)"
/work/1mxray/Image_truncated_cleaned/work_1mxray_Xray_datasets_CXR8_00008008_036.png,Lateral,Frontal,"False Negative (Predicted Frontal, Actually Lateral)"
/work/1mxray/Image_truncated_cleaned/work_1mxray_Xray_datasets_CXR8_00008016_000.png,Lateral,Frontal,"False Negative (Predicted Frontal, Actually Lateral)"
/work/1mxray/Image_truncated_cleaned/work_1mxray_Xray_datasets_CXR8_00008082_000.png,Lateral,Frontal,"False Negative (Predicted Frontal, Actually Lateral)"
/work/1mxray/Xray/datasets/CXR8/00008185_002.png,Frontal,Lateral,"False Positive (Predicted Lateral, Actually Frontal)"
/work/1mxray/Xray/datasets/CXR8/00008295_012.png,Frontal,Lateral,"False Positive (Predicted Lateral, Actually Frontal)"
/work/1mxray/Xray/datasets/CXR8/00008297_006.png,Frontal,Lateral,"False Positive (Predicted Lateral, Actually Frontal)"
/work/1mxray/Xray/datasets/CXR8/00008341_003.png,Frontal,Lateral,"False Positive (Predicted Lateral, Actually Frontal)"
/work/1mxray/Image_truncated_cleaned/work_1mxray_Xray_datasets_CXR8_00008347_002.png,Lateral,Frontal,"False Negative (Predicted Frontal, Actually Lateral)"
/work/1mxray/Xray/datasets/CXR8/00008383_000.png,Lateral,Frontal,"False Negative (Predicted Frontal, Actually Lateral)"
/work/1mxray/Image_truncated_cleaned/work_1mxray_Xray_datasets_CXR8_00008398_000.png,Lateral,Frontal,"False Negative (Predicted Frontal, Actually Lateral)"
/work/1mxray/Xray/datasets/CXR8/00008401_000.png,Frontal,Lateral,"False Positive (Predicted Lateral, Actually Frontal)"
/work/1mxray/Xray/datasets/CXR8/00008401_001.png,Frontal,Lateral,"False Positive (Predicted Lateral, Actually Frontal)"
/work/1mxray/Xray/datasets/CXR8/00008401_002.png,Frontal,Lateral,"False Positive (Predicted Lateral, Actually Frontal)"
/work/1mxray/Xray/datasets/CXR8/00008401_004.png,Frontal,Lateral,"False Positive (Predicted Lateral, Actually Frontal)"
/work/1mxray/Xray/datasets/CXR8/00008401_005.png,Frontal,Lateral,"False Positive (Predicted Lateral, Actually Frontal)"
/work/1mxray/Xray/datasets/CXR8/00008401_007.png,Frontal,Lateral,"False Positive (Predicted Lateral, Actually Frontal)"
/work/1mxray/Xray/datasets/CXR8/00008401_008.png,Frontal,Lateral,"False Positive (Predicted Lateral, Actually Frontal)"
/work/1mxray/Image_truncated_cleaned/work_1mxray_Xray_datasets_CXR8_00008445_003.png,Lateral,Frontal,"False Negative (Predicted Frontal, Actually Lateral)"
/work/1mxray/Xray/datasets/CXR8/00008468_015.png,Frontal,Lateral,"False Positive (Predicted Lateral, Actually Frontal)"
/work/1mxray/Xray/datasets/CXR8/00008468_017.png,Frontal,Lateral,"False Positive (Predicted Lateral, Actually Frontal)"
/work/1mxray/Image_truncated_cleaned/work_1mxray_Xray_datasets_CXR8_00008468_020.png,Frontal,Lateral,"False Positive (Predicted Lateral, Actually Frontal)"
/work/1mxray/Xray/datasets/CXR8/00008468_024.png,Frontal,Lateral,"False Positive (Predicted Lateral, Actually Frontal)"
/work/1mxray/Xray/datasets/CXR8/00008468_047.png,Frontal,Lateral,"False Positive (Predicted Lateral, Actually Frontal)"
/work/1mxray/Xray/datasets/CXR8/00008468_048.png,Frontal,Lateral,"False Positive (Predicted Lateral, Actually Frontal)"
/work/1mxray/Xray/datasets/CXR8/00008477_005.png,Frontal,Lateral,"False Positive (Predicted Lateral, Actually Frontal)"
/work/1mxray/Xray/datasets/CXR8/00008518_004.png,Frontal,Lateral,"False Positive (Predicted Lateral, Actually Frontal)"
/work/1mxray/Image_truncated_cleaned/work_1mxray_Xray_datasets_CXR8_00008601_000.png,Frontal,Lateral,"False Positive (Predicted Lateral, Actually Frontal)"
/work/1mxray/Xray/datasets/CXR8/00008678_002.png,Frontal,Lateral,"False Positive (Predicted Lateral, Actually Frontal)"
/work/1mxray/Image_truncated_cleaned/work_1mxray_Xray_datasets_CXR8_00008697_006.png,Lateral,Frontal,"False Negative (Predicted Frontal, Actually Lateral)"
/work/1mxray/Xray/datasets/CXR8/00008841_051.png,Frontal,Lateral,"False Positive (Predicted Lateral, Actually Frontal)"
/work/1mxray/Image_truncated_cleaned/work_1mxray_Xray_datasets_CXR8_00008974_001.png,Lateral,Frontal,"False Negative (Predicted Frontal, Actually Lateral)"
/work/1mxray/Xray/datasets/CXR8/00008997_000.png,Frontal,Lateral,"False Positive (Predicted Lateral, Actually Frontal)"
/work/1mxray/Image_truncated_cleaned/work_1mxray_Xray_datasets_CXR8_00009198_002.png,Lateral,Frontal,"False Negative (Predicted Frontal, Actually Lateral)"
/work/1mxray/Xray/datasets/CXR8/00009237_014.png,Frontal,Lateral,"False Positive (Predicted Lateral, Actually Frontal)"
/work/1mxray/Xray/datasets/CXR8/00009237_023.png,Frontal,Lateral,"False Positive (Predicted Lateral, Actually Frontal)"
/work/1mxray/Xray/datasets/CXR8/00009297_005.png,Frontal,Lateral,"False Positive (Predicted Lateral, Actually Frontal)"
/work/1mxray/Xray/datasets/CXR8/00009297_011.png,Frontal,Lateral,"False Positive (Predicted Lateral, Actually Frontal)"
/work/1mxray/Xray/datasets/CXR8/00009297_015.png,Frontal,Lateral,"False Positive (Predicted Lateral, Actually Frontal)"
/work/1mxray/Image_truncated_cleaned/work_1mxray_Xray_datasets_CXR8_00009342_000.png,Frontal,Lateral,"False Positive (Predicted Lateral, Actually Frontal)"
/work/1mxray/Xray/datasets/CXR8/00009368_010.png,Lateral,Frontal,"False Negative (Predicted Frontal, Actually Lateral)"
/work/1mxray/Image_truncated_cleaned/work_1mxray_Xray_datasets_CXR8_00009368_011.png,Lateral,Frontal,"False Negative (Predicted Frontal, Actually Lateral)"
/work/1mxray/Image_truncated_cleaned/work_1mxray_Xray_datasets_CXR8_00009584_002.png,Lateral,Frontal,"False Negative (Predicted Frontal, Actually Lateral)"
/work/1mxray/Xray/datasets/CXR8/00009600_002.png,Frontal,Lateral,"False Positive (Predicted Lateral, Actually Frontal)"
/work/1mxray/Xray/datasets/CXR8/00009600_014.png,Frontal,Lateral,"False Positive (Predicted Lateral, Actually Frontal)"
/work/1mxray/Xray/datasets/CXR8/00009606_012.png,Frontal,Lateral,"False Positive (Predicted Lateral, Actually Frontal)"
/work/1mxray/Xray/datasets/CXR8/00009608_000.png,Frontal,Lateral,"False Positive (Predicted Lateral, Actually Frontal)"
/work/1mxray/Xray/datasets/CXR8/00009608_003.png,Frontal,Lateral,"False Positive (Predicted Lateral, Actually Frontal)"
/work/1mxray/Xray/datasets/CXR8/00009608_004.png,Frontal,Lateral,"False Positive (Predicted Lateral, Actually Frontal)"
/work/1mxray/Image_truncated_cleaned/work_1mxray_Xray_datasets_CXR8_00009608_007.png,Frontal,Lateral,"False Positive (Predicted Lateral, Actually Frontal)"
/work/1mxray/Xray/datasets/CXR8/00009608_011.png,Frontal,Lateral,"False Positive (Predicted Lateral, Actually Frontal)"
/work/1mxray/Xray/datasets/CXR8/00009608_012.png,Frontal,Lateral,"False Positive (Predicted Lateral, Actually Frontal)"
/work/1mxray/Image_truncated_cleaned/work_1mxray_Xray_datasets_CXR8_00009608_021.png,Frontal,Lateral,"False Positive (Predicted Lateral, Actually Frontal)"
/work/1mxray/Xray/datasets/CXR8/00009608_022.png,Frontal,Lateral,"False Positive (Predicted Lateral, Actually Frontal)"
/work/1mxray/Xray/datasets/CXR8/00009608_037.png,Frontal,Lateral,"False Positive (Predicted Lateral, Actually Frontal)"
/work/1mxray/Xray/datasets/CXR8/00009608_040.png,Frontal,Lateral,"False Positive (Predicted Lateral, Actually Frontal)"
/work/1mxray/Xray/datasets/CXR8/00009608_043.png,Frontal,Lateral,"False Positive (Predicted Lateral, Actually Frontal)"
/work/1mxray/Xray/datasets/CXR8/00009608_044.png,Frontal,Lateral,"False Positive (Predicted Lateral, Actually Frontal)"
/work/1mxray/Xray/datasets/CXR8/00009608_045.png,Frontal,Lateral,"False Positive (Predicted Lateral, Actually Frontal)"
/work/1mxray/Xray/datasets/CXR8/00009608_046.png,Frontal,Lateral,"False Positive (Predicted Lateral, Actually Frontal)"
/work/1mxray/Xray/datasets/CXR8/00009608_047.png,Frontal,Lateral,"False Positive (Predicted Lateral, Actually Frontal)"
/work/1mxray/Xray/datasets/CXR8/00009608_048.png,Frontal,Lateral,"False Positive (Predicted Lateral, Actually Frontal)"
/work/1mxray/Image_truncated_cleaned/work_1mxray_Xray_datasets_CXR8_00009608_049.png,Frontal,Lateral,"False Positive (Predicted Lateral, Actually Frontal)"
/work/1mxray/Image_truncated_cleaned/work_1mxray_Xray_datasets_CXR8_00009608_050.png,Frontal,Lateral,"False Positive (Predicted Lateral, Actually Frontal)"
/work/1mxray/Xray/datasets/CXR8/00009608_051.png,Frontal,Lateral,"False Positive (Predicted Lateral, Actually Frontal)"
/work/1mxray/Image_truncated_hard_crops_review/work_1mxray_Xray_datasets_CXR8_00009621_003.png_CROPPED.jpg,Frontal,Lateral,"False Positive (Predicted Lateral, Actually Frontal)"
/work/1mxray/Xray/datasets/CXR8/00009644_028.png,Lateral,Frontal,"False Negative (Predicted Frontal, Actually Lateral)"
/work/1mxray/Xray/datasets/CXR8/00009683_005.png,Lateral,Frontal,"False Negative (Predicted Frontal, Actually Lateral)"
/work/1mxray/Image_truncated_cleaned/work_1mxray_Xray_datasets_CXR8_00009745_001.png,Lateral,Frontal,"False Negative (Predicted Frontal, Actually Lateral)"
/work/1mxray/Xray/datasets/CXR8/00009759_003.png,Frontal,Lateral,"False Positive (Predicted Lateral, Actually Frontal)"
/work/1mxray/Image_truncated_cleaned/work_1mxray_Xray_datasets_CXR8_00009800_001.png,Lateral,Frontal,"False Negative (Predicted Frontal, Actually Lateral)"
/work/1mxray/Image_truncated_cleaned/work_1mxray_Xray_datasets_CXR8_00009889_038.png,Lateral,Frontal,"False Negative (Predicted Frontal, Actually Lateral)"
/work/1mxray/Image_truncated_cleaned/work_1mxray_Xray_datasets_CXR8_00009932_001.png,Frontal,Lateral,"False Positive (Predicted Lateral, Actually Frontal)"
/work/1mxray/Xray/datasets/CXR8/00009945_005.png,Frontal,Lateral,"False Positive (Predicted Lateral, Actually Frontal)"
/work/1mxray/Image_truncated_cleaned/work_1mxray_Xray_datasets_CXR8_00009998_001.png,Lateral,Frontal,"False Negative (Predicted Frontal, Actually Lateral)"
/work/1mxray/Image_truncated_cleaned/work_1mxray_Xray_datasets_CXR8_00010007_025.png,Frontal,Lateral,"False Positive (Predicted Lateral, Actually Frontal)"
/work/1mxray/Image_truncated_cleaned/work_1mxray_Xray_datasets_CXR8_00010065_000.png,Lateral,Frontal,"False Negative (Predicted Frontal, Actually Lateral)"
/work/1mxray/Xray/datasets/CXR8/00010092_008.png,Frontal,Lateral,"False Positive (Predicted Lateral, Actually Frontal)"
/work/1mxray/Xray/datasets/CXR8/00010092_017.png,Frontal,Lateral,"False Positive (Predicted Lateral, Actually Frontal)"
/work/1mxray/Xray/datasets/CXR8/00010092_036.png,Frontal,Lateral,"False Positive (Predicted Lateral, Actually Frontal)"
/work/1mxray/Xray/datasets/CXR8/00010092_038.png,Frontal,Lateral,"False Positive (Predicted Lateral, Actually Frontal)"
/work/1mxray/Xray/datasets/CXR8/00010103_013.png,Frontal,Lateral,"False Positive (Predicted Lateral, Actually Frontal)"
/work/1mxray/Xray/datasets/CXR8/00010300_000.png,Frontal,Lateral,"False Positive (Predicted Lateral, Actually Frontal)"
/work/1mxray/Xray/datasets/CXR8/00010435_000.png,Frontal,Lateral,"False Positive (Predicted Lateral, Actually Frontal)"
/work/1mxray/Xray/datasets/CXR8/00010435_001.png,Frontal,Lateral,"False Positive (Predicted Lateral, Actually Frontal)"
/work/1mxray/Image_truncated_cleaned/work_1mxray_Xray_datasets_CXR8_00010478_010.png,Frontal,Lateral,"False Positive (Predicted Lateral, Actually Frontal)"
/work/1mxray/Xray/datasets/CXR8/00010544_005.png,Frontal,Lateral,"False Positive (Predicted Lateral, Actually Frontal)"
/work/1mxray/Xray/datasets/CXR8/00010544_028.png,Frontal,Lateral,"False Positive (Predicted Lateral, Actually Frontal)"
/work/1mxray/Image_truncated_cleaned/work_1mxray_Xray_datasets_CXR8_00010677_004.png,Frontal,Lateral,"False Positive (Predicted Lateral, Actually Frontal)"
/work/1mxray/Xray/datasets/CXR8/00010677_006.png,Frontal,Lateral,"False Positive (Predicted Lateral, Actually Frontal)"
/work/1mxray/Image_truncated_cleaned/work_1mxray_Xray_datasets_CXR8_00010677_007.png,Frontal,Lateral,"False Positive (Predicted Lateral, Actually Frontal)"
/work/1mxray/Xray/datasets/CXR8/00010677_009.png,Frontal,Lateral,"False Positive (Predicted Lateral, Actually Frontal)"
/work/1mxray/Xray/datasets/CXR8/00010677_012.png,Frontal,Lateral,"False Positive (Predicted Lateral, Actually Frontal)"
/work/1mxray/Xray/datasets/CXR8/00010677_017.png,Frontal,Lateral,"False Positive (Predicted Lateral, Actually Frontal)"
/work/1mxray/Xray/datasets/CXR8/00010677_019.png,Frontal,Lateral,"False Positive (Predicted Lateral, Actually Frontal)"
/work/1mxray/Xray/datasets/CXR8/00010677_024.png,Frontal,Lateral,"False Positive (Predicted Lateral, Actually Frontal)"
/work/1mxray/Image_truncated_cleaned/work_1mxray_Xray_datasets_CXR8_00010677_032.png,Frontal,Lateral,"False Positive (Predicted Lateral, Actually Frontal)"
/work/1mxray/Xray/datasets/CXR8/00010698_004.png,Frontal,Lateral,"False Positive (Predicted Lateral, Actually Frontal)"
/work/1mxray/Image_truncated_cleaned/work_1mxray_Xray_datasets_CXR8_00010698_033.png,Frontal,Lateral,"False Positive (Predicted Lateral, Actually Frontal)"
/work/1mxray/Xray/datasets/CXR8/00010744_001.png,Frontal,Lateral,"False Positive (Predicted Lateral, Actually Frontal)"
/work/1mxray/Image_truncated_cleaned/work_1mxray_Xray_datasets_CXR8_00010829_000.png,Frontal,Lateral,"False Positive (Predicted Lateral, Actually Frontal)"
/work/1mxray/Xray/datasets/CXR8/00010992_010.png,Frontal,Lateral,"False Positive (Predicted Lateral, Actually Frontal)"
/work/1mxray/Xray/datasets/CXR8/00010995_008.png,Frontal,Lateral,"False Positive (Predicted Lateral, Actually Frontal)"
/work/1mxray/Xray/datasets/CXR8/00011041_000.png,Lateral,Frontal,"False Negative (Predicted Frontal, Actually Lateral)"
/work/1mxray/Xray/datasets/CXR8/00011144_000.png,Frontal,Lateral,"False Positive (Predicted Lateral, Actually Frontal)"
/work/1mxray/Xray/datasets/CXR8/00011144_005.png,Frontal,Lateral,"False Positive (Predicted Lateral, Actually Frontal)"
/work/1mxray/Xray/datasets/CXR8/00011144_007.png,Frontal,Lateral,"False Positive (Predicted Lateral, Actually Frontal)"
/work/1mxray/Xray/datasets/CXR8/00011144_009.png,Frontal,Lateral,"False Positive (Predicted Lateral, Actually Frontal)"
/work/1mxray/Xray/datasets/CXR8/00011144_011.png,Frontal,Lateral,"False Positive (Predicted Lateral, Actually Frontal)"
/work/1mxray/Xray/datasets/CXR8/00011144_012.png,Frontal,Lateral,"False Positive (Predicted Lateral, Actually Frontal)"
/work/1mxray/Xray/datasets/CXR8/00011144_013.png,Frontal,Lateral,"False Positive (Predicted Lateral, Actually Frontal)"
/work/1mxray/Xray/datasets/CXR8/00011144_015.png,Frontal,Lateral,"False Positive (Predicted Lateral, Actually Frontal)"
/work/1mxray/Xray/datasets/CXR8/00011144_016.png,Frontal,Lateral,"False Positive (Predicted Lateral, Actually Frontal)"
/work/1mxray/Image_truncated_cleaned/work_1mxray_Xray_datasets_CXR8_00011144_017.png,Frontal,Lateral,"False Positive (Predicted Lateral, Actually Frontal)"
/work/1mxray/Xray/datasets/CXR8/00011144_018.png,Frontal,Lateral,"False Positive (Predicted Lateral, Actually Frontal)"
/work/1mxray/Xray/datasets/CXR8/00011144_019.png,Frontal,Lateral,"False Positive (Predicted Lateral, Actually Frontal)"
/work/1mxray/Xray/datasets/CXR8/00011144_020.png,Frontal,Lateral,"False Positive (Predicted Lateral, Actually Frontal)"
/work/1mxray/Xray/datasets/CXR8/00011144_021.png,Frontal,Lateral,"False Positive (Predicted Lateral, Actually Frontal)"
/work/1mxray/Xray/datasets/CXR8/00011144_023.png,Frontal,Lateral,"False Positive (Predicted Lateral, Actually Frontal)"
/work/1mxray/Xray/datasets/CXR8/00011144_024.png,Frontal,Lateral,"False Positive (Predicted Lateral, Actually Frontal)"
/work/1mxray/Xray/datasets/CXR8/00011144_025.png,Frontal,Lateral,"False Positive (Predicted Lateral, Actually Frontal)"
/work/1mxray/Xray/datasets/CXR8/00011144_026.png,Frontal,Lateral,"False Positive (Predicted Lateral, Actually Frontal)"
/work/1mxray/Xray/datasets/CXR8/00011144_027.png,Frontal,Lateral,"False Positive (Predicted Lateral, Actually Frontal)"
/work/1mxray/Xray/datasets/CXR8/00011144_028.png,Frontal,Lateral,"False Positive (Predicted Lateral, Actually Frontal)"
/work/1mxray/Xray/datasets/CXR8/00011144_029.png,Frontal,Lateral,"False Positive (Predicted Lateral, Actually Frontal)"
/work/1mxray/Xray/datasets/CXR8/00011144_030.png,Frontal,Lateral,"False Positive (Predicted Lateral, Actually Frontal)"
/work/1mxray/Xray/datasets/CXR8/00011144_031.png,Frontal,Lateral,"False Positive (Predicted Lateral, Actually Frontal)"
/work/1mxray/Image_truncated_cleaned/work_1mxray_Xray_datasets_CXR8_00011237_108.png,Frontal,Lateral,"False Positive (Predicted Lateral, Actually Frontal)"
/work/1mxray/Image_truncated_cleaned/work_1mxray_Xray_datasets_CXR8_00011379_008.png,Frontal,Lateral,"False Positive (Predicted Lateral, Actually Frontal)"
/work/1mxray/Image_truncated_cleaned/work_1mxray_Xray_datasets_CXR8_00011379_029.png,Lateral,Frontal,"False Negative (Predicted Frontal, Actually Lateral)"
/work/1mxray/Xray/datasets/CXR8/00011548_017.png,Frontal,Lateral,"False Positive (Predicted Lateral, Actually Frontal)"
/work/1mxray/Image_truncated_cleaned/work_1mxray_Xray_datasets_CXR8_00011553_018.png,Frontal,Lateral,"False Positive (Predicted Lateral, Actually Frontal)"
/work/1mxray/Xray/datasets/CXR8/00011925_046.png,Frontal,Lateral,"False Positive (Predicted Lateral, Actually Frontal)"
/work/1mxray/Image_truncated_cleaned/work_1mxray_Xray_datasets_CXR8_00011975_003.png,Lateral,Frontal,"False Negative (Predicted Frontal, Actually Lateral)"
/work/1mxray/Xray/datasets/CXR8/00012045_020.png,Frontal,Lateral,"False Positive (Predicted Lateral, Actually Frontal)"
/work/1mxray/Xray/datasets/CXR8/00012045_050.png,Frontal,Lateral,"False Positive (Predicted Lateral, Actually Frontal)"
/work/1mxray/Xray/datasets/CXR8/00012045_051.png,Frontal,Lateral,"False Positive (Predicted Lateral, Actually Frontal)"
/work/1mxray/Xray/datasets/CXR8/00012045_052.png,Frontal,Lateral,"False Positive (Predicted Lateral, Actually Frontal)"
/work/1mxray/Xray/datasets/CXR8/00012086_012.png,Lateral,Frontal,"False Negative (Predicted Frontal, Actually Lateral)"
/work/1mxray/Xray/datasets/CXR8/00012087_008.png,Frontal,Lateral,"False Positive (Predicted Lateral, Actually Frontal)"
/work/1mxray/Xray/datasets/CXR8/00012106_000.png,Frontal,Lateral,"False Positive (Predicted Lateral, Actually Frontal)"
/work/1mxray/Xray/datasets/CXR8/00012184_006.png,Frontal,Lateral,"False Positive (Predicted Lateral, Actually Frontal)"
/work/1mxray/Xray/datasets/CXR8/00012294_006.png,Frontal,Lateral,"False Positive (Predicted Lateral, Actually Frontal)"
/work/1mxray/Xray/datasets/CXR8/00012541_000.png,Frontal,Lateral,"False Positive (Predicted Lateral, Actually Frontal)"
/work/1mxray/Xray/datasets/CXR8/00012562_000.png,Frontal,Lateral,"False Positive (Predicted Lateral, Actually Frontal)"
/work/1mxray/Image_truncated_cleaned/work_1mxray_Xray_datasets_CXR8_00012610_004.png,Lateral,Frontal,"False Negative (Predicted Frontal, Actually Lateral)"
/work/1mxray/Xray/datasets/CXR8/00012648_003.png,Frontal,Lateral,"False Positive (Predicted Lateral, Actually Frontal)"
/work/1mxray/Image_truncated_cleaned/work_1mxray_Xray_datasets_CXR8_00012907_007.png,Lateral,Frontal,"False Negative (Predicted Frontal, Actually Lateral)"
/work/1mxray/Xray/datasets/CXR8/00013160_000.png,Lateral,Frontal,"False Negative (Predicted Frontal, Actually Lateral)"
/work/1mxray/Xray/datasets/CXR8/00013206_001.png,Frontal,Lateral,"False Positive (Predicted Lateral, Actually Frontal)"
/work/1mxray/Image_truncated_cleaned/work_1mxray_Xray_datasets_CXR8_00013251_000.png,Frontal,Lateral,"False Positive (Predicted Lateral, Actually Frontal)"
/work/1mxray/Xray/datasets/CXR8/00013449_005.png,Frontal,Lateral,"False Positive (Predicted Lateral, Actually Frontal)"
/work/1mxray/Xray/datasets/CXR8/00013567_009.png,Frontal,Lateral,"False Positive (Predicted Lateral, Actually Frontal)"
/work/1mxray/Xray/datasets/CXR8/00013608_000.png,Frontal,Lateral,"False Positive (Predicted Lateral, Actually Frontal)"
/work/1mxray/Xray/datasets/CXR8/00013608_001.png,Frontal,Lateral,"False Positive (Predicted Lateral, Actually Frontal)"
/work/1mxray/Xray/datasets/CXR8/00013608_004.png,Frontal,Lateral,"False Positive (Predicted Lateral, Actually Frontal)"
/work/1mxray/Xray/datasets/CXR8/00013620_011.png,Frontal,Lateral,"False Positive (Predicted Lateral, Actually Frontal)"
/work/1mxray/Image_truncated_cleaned/work_1mxray_Xray_datasets_CXR8_00013659_025.png,Lateral,Frontal,"False Negative (Predicted Frontal, Actually Lateral)"
/work/1mxray/Image_truncated_cleaned/work_1mxray_Xray_datasets_CXR8_00013714_001.png,Lateral,Frontal,"False Negative (Predicted Frontal, Actually Lateral)"
/work/1mxray/Image_truncated_cleaned/work_1mxray_Xray_datasets_CXR8_00013721_004.png,Frontal,Lateral,"False Positive (Predicted Lateral, Actually Frontal)"
/work/1mxray/Xray/datasets/CXR8/00013774_015.png,Lateral,Frontal,"False Negative (Predicted Frontal, Actually Lateral)"
/work/1mxray/Xray/datasets/CXR8/00013922_030.png,Frontal,Lateral,"False Positive (Predicted Lateral, Actually Frontal)"
/work/1mxray/Image_truncated_cleaned/work_1mxray_Xray_datasets_CXR8_00013993_107.png,Frontal,Lateral,"False Positive (Predicted Lateral, Actually Frontal)"
/work/1mxray/Image_truncated_cleaned/work_1mxray_Xray_datasets_CXR8_00013993_123.png,Frontal,Lateral,"False Positive (Predicted Lateral, Actually Frontal)"
/work/1mxray/Xray/datasets/CXR8/00014022_026.png,Frontal,Lateral,"False Positive (Predicted Lateral, Actually Frontal)"
/work/1mxray/Xray/datasets/CXR8/00014294_015.png,Lateral,Frontal,"False Negative (Predicted Frontal, Actually Lateral)"
/work/1mxray/Xray/datasets/CXR8/00014346_012.png,Frontal,Lateral,"False Positive (Predicted Lateral, Actually Frontal)"
/work/1mxray/Xray/datasets/CXR8/00014675_034.png,Lateral,Frontal,"False Negative (Predicted Frontal, Actually Lateral)"
/work/1mxray/Xray/datasets/CXR8/00014695_006.png,Frontal,Lateral,"False Positive (Predicted Lateral, Actually Frontal)"
/work/1mxray/Xray/datasets/CXR8/00014706_000.png,Frontal,Lateral,"False Positive (Predicted Lateral, Actually Frontal)"
/work/1mxray/Xray/datasets/CXR8/00014706_007.png,Frontal,Lateral,"False Positive (Predicted Lateral, Actually Frontal)"
/work/1mxray/Xray/datasets/CXR8/00014706_011.png,Frontal,Lateral,"False Positive (Predicted Lateral, Actually Frontal)"
/work/1mxray/Xray/datasets/CXR8/00014706_029.png,Frontal,Lateral,"False Positive (Predicted Lateral, Actually Frontal)"
/work/1mxray/Image_truncated_cleaned/work_1mxray_Xray_datasets_CXR8_00014796_001.png,Lateral,Frontal,"False Negative (Predicted Frontal, Actually Lateral)"
/work/1mxray/Xray/datasets/CXR8/00014950_008.png,Frontal,Lateral,"False Positive (Predicted Lateral, Actually Frontal)"
/work/1mxray/Xray/datasets/CXR8/00014950_009.png,Frontal,Lateral,"False Positive (Predicted Lateral, Actually Frontal)"
/work/1mxray/Image_truncated_cleaned/work_1mxray_Xray_datasets_CXR8_00014956_005.png,Frontal,Lateral,"False Positive (Predicted Lateral, Actually Frontal)"
/work/1mxray/Xray/datasets/CXR8/00014956_010.png,Frontal,Lateral,"False Positive (Predicted Lateral, Actually Frontal)"
/work/1mxray/Xray/datasets/CXR8/00014963_000.png,Lateral,Frontal,"False Negative (Predicted Frontal, Actually Lateral)"
/work/1mxray/Image_truncated_cleaned/work_1mxray_Xray_datasets_CXR8_00015054_000.png,Lateral,Frontal,"False Negative (Predicted Frontal, Actually Lateral)"
/work/1mxray/Xray/datasets/CXR8/00015058_010.png,Frontal,Lateral,"False Positive (Predicted Lateral, Actually Frontal)"
/work/1mxray/Xray/datasets/CXR8/00015058_012.png,Frontal,Lateral,"False Positive (Predicted Lateral, Actually Frontal)"
/work/1mxray/Xray/datasets/CXR8/00015078_007.png,Lateral,Frontal,"False Negative (Predicted Frontal, Actually Lateral)"
/work/1mxray/Image_truncated_cleaned/work_1mxray_Xray_datasets_CXR8_00015376_002.png,Frontal,Lateral,"False Positive (Predicted Lateral, Actually Frontal)"
/work/1mxray/Xray/datasets/CXR8/00015386_019.png,Frontal,Lateral,"False Positive (Predicted Lateral, Actually Frontal)"
/work/1mxray/Xray/datasets/CXR8/00015605_012.png,Frontal,Lateral,"False Positive (Predicted Lateral, Actually Frontal)"
/work/1mxray/Xray/datasets/CXR8/00016011_007.png,Lateral,Frontal,"False Negative (Predicted Frontal, Actually Lateral)"
/work/1mxray/Xray/datasets/CXR8/00016051_011.png,Frontal,Lateral,"False Positive (Predicted Lateral, Actually Frontal)"
/work/1mxray/Xray/datasets/CXR8/00016051_014.png,Frontal,Lateral,"False Positive (Predicted Lateral, Actually Frontal)"
/work/1mxray/Xray/datasets/CXR8/00016051_015.png,Frontal,Lateral,"False Positive (Predicted Lateral, Actually Frontal)"
/work/1mxray/Xray/datasets/CXR8/00016051_016.png,Frontal,Lateral,"False Positive (Predicted Lateral, Actually Frontal)"
/work/1mxray/Xray/datasets/CXR8/00016051_018.png,Frontal,Lateral,"False Positive (Predicted Lateral, Actually Frontal)"
/work/1mxray/Xray/datasets/CXR8/00016051_019.png,Frontal,Lateral,"False Positive (Predicted Lateral, Actually Frontal)"
/work/1mxray/Xray/datasets/CXR8/00016051_021.png,Frontal,Lateral,"False Positive (Predicted Lateral, Actually Frontal)"
/work/1mxray/Xray/datasets/CXR8/00016051_022.png,Frontal,Lateral,"False Positive (Predicted Lateral, Actually Frontal)"
/work/1mxray/Xray/datasets/CXR8/00016064_006.png,Frontal,Lateral,"False Positive (Predicted Lateral, Actually Frontal)"
/work/1mxray/Image_truncated_cleaned/work_1mxray_Xray_datasets_CXR8_00016233_004.png,Lateral,Frontal,"False Negative (Predicted Frontal, Actually Lateral)"
/work/1mxray/Xray/datasets/CXR8/00016244_000.png,Frontal,Lateral,"False Positive (Predicted Lateral, Actually Frontal)"
/work/1mxray/Xray/datasets/CXR8/00016244_003.png,Frontal,Lateral,"False Positive (Predicted Lateral, Actually Frontal)"
/work/1mxray/Xray/datasets/CXR8/00016308_005.png,Frontal,Lateral,"False Positive (Predicted Lateral, Actually Frontal)"
/work/1mxray/Xray/datasets/CXR8/00016522_009.png,Frontal,Lateral,"False Positive (Predicted Lateral, Actually Frontal)"
/work/1mxray/Image_truncated_hard_crops_review/work_1mxray_Xray_datasets_CXR8_00016529_000.png_CROPPED.jpg,Frontal,Lateral,"False Positive (Predicted Lateral, Actually Frontal)"
/work/1mxray/Xray/datasets/CXR8/00016568_022.png,Frontal,Lateral,"False Positive (Predicted Lateral, Actually Frontal)"
/work/1mxray/Image_truncated_cleaned/work_1mxray_Xray_datasets_CXR8_00016618_001.png,Frontal,Lateral,"False Positive (Predicted Lateral, Actually Frontal)"
/work/1mxray/Xray/datasets/CXR8/00016619_000.png,Frontal,Lateral,"False Positive (Predicted Lateral, Actually Frontal)"
/work/1mxray/Xray/datasets/CXR8/00016637_000.png,Lateral,Frontal,"False Negative (Predicted Frontal, Actually Lateral)"
/work/1mxray/Image_truncated_cleaned/work_1mxray_Xray_datasets_CXR8_00016872_000.png,Frontal,Lateral,"False Positive (Predicted Lateral, Actually Frontal)"
/work/1mxray/Image_truncated_cleaned/work_1mxray_Xray_datasets_CXR8_00017001_005.png,Frontal,Lateral,"False Positive (Predicted Lateral, Actually Frontal)"
/work/1mxray/Xray/datasets/CXR8/00017046_014.png,Frontal,Lateral,"False Positive (Predicted Lateral, Actually Frontal)"
/work/1mxray/Xray/datasets/CXR8/00017575_004.png,Frontal,Lateral,"False Positive (Predicted Lateral, Actually Frontal)"
/work/1mxray/Xray/datasets/CXR8/00017617_004.png,Frontal,Lateral,"False Positive (Predicted Lateral, Actually Frontal)"
/work/1mxray/Xray/datasets/CXR8/00017617_006.png,Frontal,Lateral,"False Positive (Predicted Lateral, Actually Frontal)"
/work/1mxray/Xray/datasets/CXR8/00017786_001.png,Frontal,Lateral,"False Positive (Predicted Lateral, Actually Frontal)"
/work/1mxray/Image_truncated_cleaned/work_1mxray_Xray_datasets_CXR8_00017786_002.png,Frontal,Lateral,"False Positive (Predicted Lateral, Actually Frontal)"
/work/1mxray/Xray/datasets/CXR8/00017801_002.png,Frontal,Lateral,"False Positive (Predicted Lateral, Actually Frontal)"
/work/1mxray/Xray/datasets/CXR8/00017801_006.png,Frontal,Lateral,"False Positive (Predicted Lateral, Actually Frontal)"
/work/1mxray/Image_truncated_cleaned/work_1mxray_Xray_datasets_CXR8_00017915_003.png,Lateral,Frontal,"False Negative (Predicted Frontal, Actually Lateral)"
/work/1mxray/Image_truncated_cleaned/work_1mxray_Xray_datasets_CXR8_00017975_000.png,Lateral,Frontal,"False Negative (Predicted Frontal, Actually Lateral)"
/work/1mxray/Xray/datasets/CXR8/00018011_002.png,Frontal,Lateral,"False Positive (Predicted Lateral, Actually Frontal)"
/work/1mxray/Xray/datasets/CXR8/00018044_028.png,Frontal,Lateral,"False Positive (Predicted Lateral, Actually Frontal)"
/work/1mxray/Xray/datasets/CXR8/00018336_000.png,Frontal,Lateral,"False Positive (Predicted Lateral, Actually Frontal)"
/work/1mxray/Xray/datasets/CXR8/00018366_015.png,Frontal,Lateral,"False Positive (Predicted Lateral, Actually Frontal)"
/work/1mxray/Image_truncated_cleaned/work_1mxray_Xray_datasets_CXR8_00018366_028.png,Frontal,Lateral,"False Positive (Predicted Lateral, Actually Frontal)"
/work/1mxray/Image_truncated_cleaned/work_1mxray_Xray_datasets_CXR8_00018437_004.png,Frontal,Lateral,"False Positive (Predicted Lateral, Actually Frontal)"
/work/1mxray/Image_truncated_cleaned/work_1mxray_Xray_datasets_CXR8_00018445_002.png,Frontal,Lateral,"False Positive (Predicted Lateral, Actually Frontal)"
/work/1mxray/Xray/datasets/CXR8/00018488_003.png,Frontal,Lateral,"False Positive (Predicted Lateral, Actually Frontal)"
/work/1mxray/Xray/datasets/CXR8/00018865_015.png,Frontal,Lateral,"False Positive (Predicted Lateral, Actually Frontal)"
/work/1mxray/Xray/datasets/CXR8/00018865_017.png,Frontal,Lateral,"False Positive (Predicted Lateral, Actually Frontal)"
/work/1mxray/Image_truncated_cleaned/work_1mxray_Xray_datasets_CXR8_00018865_018.png,Frontal,Lateral,"False Positive (Predicted Lateral, Actually Frontal)"
/work/1mxray/Xray/datasets/CXR8/00018865_022.png,Frontal,Lateral,"False Positive (Predicted Lateral, Actually Frontal)"
/work/1mxray/Xray/datasets/CXR8/00018865_024.png,Frontal,Lateral,"False Positive (Predicted Lateral, Actually Frontal)"
/work/1mxray/Xray/datasets/CXR8/00018865_025.png,Frontal,Lateral,"False Positive (Predicted Lateral, Actually Frontal)"
/work/1mxray/Xray/datasets/CXR8/00018865_026.png,Frontal,Lateral,"False Positive (Predicted Lateral, Actually Frontal)"
/work/1mxray/Xray/datasets/CXR8/00018865_027.png,Frontal,Lateral,"False Positive (Predicted Lateral, Actually Frontal)"
/work/1mxray/Xray/datasets/CXR8/00018865_029.png,Frontal,Lateral,"False Positive (Predicted Lateral, Actually Frontal)"
/work/1mxray/Xray/datasets/CXR8/00018865_031.png,Frontal,Lateral,"False Positive (Predicted Lateral, Actually Frontal)"
/work/1mxray/Xray/datasets/CXR8/00018865_032.png,Frontal,Lateral,"False Positive (Predicted Lateral, Actually Frontal)"
/work/1mxray/Image_truncated_cleaned/work_1mxray_Xray_datasets_CXR8_00018865_037.png,Frontal,Lateral,"False Positive (Predicted Lateral, Actually Frontal)"
/work/1mxray/Image_truncated_cleaned/work_1mxray_Xray_datasets_CXR8_00018865_038.png,Frontal,Lateral,"False Positive (Predicted Lateral, Actually Frontal)"
/work/1mxray/Image_truncated_cleaned/work_1mxray_Xray_datasets_CXR8_00018865_039.png,Frontal,Lateral,"False Positive (Predicted Lateral, Actually Frontal)"
/work/1mxray/Image_truncated_cleaned/work_1mxray_Xray_datasets_CXR8_00018865_040.png,Frontal,Lateral,"False Positive (Predicted Lateral, Actually Frontal)"
/work/1mxray/Image_truncated_cleaned/work_1mxray_Xray_datasets_CXR8_00018865_041.png,Frontal,Lateral,"False Positive (Predicted Lateral, Actually Frontal)"
/work/1mxray/Image_truncated_cleaned/work_1mxray_Xray_datasets_CXR8_00018865_042.png,Frontal,Lateral,"False Positive (Predicted Lateral, Actually Frontal)"
/work/1mxray/Image_truncated_cleaned/work_1mxray_Xray_datasets_CXR8_00018865_043.png,Frontal,Lateral,"False Positive (Predicted Lateral, Actually Frontal)"
/work/1mxray/Image_truncated_cleaned/work_1mxray_Xray_datasets_CXR8_00018865_044.png,Frontal,Lateral,"False Positive (Predicted Lateral, Actually Frontal)"
/work/1mxray/Image_truncated_cleaned/work_1mxray_Xray_datasets_CXR8_00018865_045.png,Frontal,Lateral,"False Positive (Predicted Lateral, Actually Frontal)"
/work/1mxray/Image_truncated_cleaned/work_1mxray_Xray_datasets_CXR8_00018865_046.png,Frontal,Lateral,"False Positive (Predicted Lateral, Actually Frontal)"
/work/1mxray/Image_truncated_cleaned/work_1mxray_Xray_datasets_CXR8_00018865_047.png,Frontal,Lateral,"False Positive (Predicted Lateral, Actually Frontal)"
/work/1mxray/Image_truncated_cleaned/work_1mxray_Xray_datasets_CXR8_00018865_048.png,Frontal,Lateral,"False Positive (Predicted Lateral, Actually Frontal)"
/work/1mxray/Image_truncated_cleaned/work_1mxray_Xray_datasets_CXR8_00018865_049.png,Frontal,Lateral,"False Positive (Predicted Lateral, Actually Frontal)"
/work/1mxray/Xray/datasets/CXR8/00019089_007.png,Frontal,Lateral,"False Positive (Predicted Lateral, Actually Frontal)"
/work/1mxray/Xray/datasets/CXR8/00019124_004.png,Frontal,Lateral,"False Positive (Predicted Lateral, Actually Frontal)"
/work/1mxray/Xray/datasets/CXR8/00019124_005.png,Frontal,Lateral,"False Positive (Predicted Lateral, Actually Frontal)"
/work/1mxray/Xray/datasets/CXR8/00019124_008.png,Frontal,Lateral,"False Positive (Predicted Lateral, Actually Frontal)"
/work/1mxray/Xray/datasets/CXR8/00019124_009.png,Frontal,Lateral,"False Positive (Predicted Lateral, Actually Frontal)"
/work/1mxray/Xray/datasets/CXR8/00019124_010.png,Frontal,Lateral,"False Positive (Predicted Lateral, Actually Frontal)"
/work/1mxray/Xray/datasets/CXR8/00019124_013.png,Frontal,Lateral,"False Positive (Predicted Lateral, Actually Frontal)"
/work/1mxray/Xray/datasets/CXR8/00019124_014.png,Frontal,Lateral,"False Positive (Predicted Lateral, Actually Frontal)"
/work/1mxray/Xray/datasets/CXR8/00019124_015.png,Frontal,Lateral,"False Positive (Predicted Lateral, Actually Frontal)"
/work/1mxray/Xray/datasets/CXR8/00019124_016.png,Frontal,Lateral,"False Positive (Predicted Lateral, Actually Frontal)"
/work/1mxray/Xray/datasets/CXR8/00019124_018.png,Frontal,Lateral,"False Positive (Predicted Lateral, Actually Frontal)"
/work/1mxray/Xray/datasets/CXR8/00019124_019.png,Frontal,Lateral,"False Positive (Predicted Lateral, Actually Frontal)"
/work/1mxray/Xray/datasets/CXR8/00019124_020.png,Frontal,Lateral,"False Positive (Predicted Lateral, Actually Frontal)"
/work/1mxray/Xray/datasets/CXR8/00019124_021.png,Frontal,Lateral,"False Positive (Predicted Lateral, Actually Frontal)"
/work/1mxray/Xray/datasets/CXR8/00019124_022.png,Frontal,Lateral,"False Positive (Predicted Lateral, Actually Frontal)"
/work/1mxray/Xray/datasets/CXR8/00019124_023.png,Frontal,Lateral,"False Positive (Predicted Lateral, Actually Frontal)"
/work/1mxray/Image_truncated_cleaned/work_1mxray_Xray_datasets_CXR8_00019124_024.png,Frontal,Lateral,"False Positive (Predicted Lateral, Actually Frontal)"
/work/1mxray/Xray/datasets/CXR8/00019124_026.png,Frontal,Lateral,"False Positive (Predicted Lateral, Actually Frontal)"
/work/1mxray/Xray/datasets/CXR8/00019124_027.png,Frontal,Lateral,"False Positive (Predicted Lateral, Actually Frontal)"
/work/1mxray/Xray/datasets/CXR8/00019124_029.png,Frontal,Lateral,"False Positive (Predicted Lateral, Actually Frontal)"
/work/1mxray/Image_truncated_cleaned/work_1mxray_Xray_datasets_CXR8_00019124_032.png,Frontal,Lateral,"False Positive (Predicted Lateral, Actually Frontal)"
/work/1mxray/Xray/datasets/CXR8/00019124_033.png,Frontal,Lateral,"False Positive (Predicted Lateral, Actually Frontal)"
/work/1mxray/Xray/datasets/CXR8/00019124_034.png,Frontal,Lateral,"False Positive (Predicted Lateral, Actually Frontal)"
/work/1mxray/Xray/datasets/CXR8/00019124_035.png,Frontal,Lateral,"False Positive (Predicted Lateral, Actually Frontal)"
/work/1mxray/Xray/datasets/CXR8/00019124_036.png,Frontal,Lateral,"False Positive (Predicted Lateral, Actually Frontal)"
/work/1mxray/Xray/datasets/CXR8/00019124_037.png,Frontal,Lateral,"False Positive (Predicted Lateral, Actually Frontal)"
/work/1mxray/Xray/datasets/CXR8/00019124_038.png,Frontal,Lateral,"False Positive (Predicted Lateral, Actually Frontal)"
/work/1mxray/Xray/datasets/CXR8/00019124_039.png,Frontal,Lateral,"False Positive (Predicted Lateral, Actually Frontal)"
/work/1mxray/Xray/datasets/CXR8/00019124_041.png,Frontal,Lateral,"False Positive (Predicted Lateral, Actually Frontal)"
/work/1mxray/Xray/datasets/CXR8/00019124_042.png,Frontal,Lateral,"False Positive (Predicted Lateral, Actually Frontal)"
/work/1mxray/Image_truncated_cleaned/work_1mxray_Xray_datasets_CXR8_00019124_043.png,Frontal,Lateral,"False Positive (Predicted Lateral, Actually Frontal)"
/work/1mxray/Xray/datasets/CXR8/00019124_046.png,Frontal,Lateral,"False Positive (Predicted Lateral, Actually Frontal)"
/work/1mxray/Xray/datasets/CXR8/00019124_052.png,Frontal,Lateral,"False Positive (Predicted Lateral, Actually Frontal)"
/work/1mxray/Xray/datasets/CXR8/00019124_053.png,Frontal,Lateral,"False Positive (Predicted Lateral, Actually Frontal)"
/work/1mxray/Xray/datasets/CXR8/00019124_054.png,Frontal,Lateral,"False Positive (Predicted Lateral, Actually Frontal)"
/work/1mxray/Xray/datasets/CXR8/00019124_055.png,Frontal,Lateral,"False Positive (Predicted Lateral, Actually Frontal)"
/work/1mxray/Xray/datasets/CXR8/00019124_056.png,Frontal,Lateral,"False Positive (Predicted Lateral, Actually Frontal)"
/work/1mxray/Xray/datasets/CXR8/00019124_057.png,Frontal,Lateral,"False Positive (Predicted Lateral, Actually Frontal)"
/work/1mxray/Xray/datasets/CXR8/00019124_058.png,Frontal,Lateral,"False Positive (Predicted Lateral, Actually Frontal)"
/work/1mxray/Xray/datasets/CXR8/00019124_060.png,Frontal,Lateral,"False Positive (Predicted Lateral, Actually Frontal)"
/work/1mxray/Xray/datasets/CXR8/00019124_061.png,Frontal,Lateral,"False Positive (Predicted Lateral, Actually Frontal)"
/work/1mxray/Image_truncated_cleaned/work_1mxray_Xray_datasets_CXR8_00019124_062.png,Frontal,Lateral,"False Positive (Predicted Lateral, Actually Frontal)"
/work/1mxray/Xray/datasets/CXR8/00019124_064.png,Frontal,Lateral,"False Positive (Predicted Lateral, Actually Frontal)"
/work/1mxray/Xray/datasets/CXR8/00019124_065.png,Frontal,Lateral,"False Positive (Predicted Lateral, Actually Frontal)"
/work/1mxray/Xray/datasets/CXR8/00019124_066.png,Frontal,Lateral,"False Positive (Predicted Lateral, Actually Frontal)"
/work/1mxray/Xray/datasets/CXR8/00019124_067.png,Frontal,Lateral,"False Positive (Predicted Lateral, Actually Frontal)"
/work/1mxray/Image_truncated_cleaned/work_1mxray_Xray_datasets_CXR8_00019124_068.png,Frontal,Lateral,"False Positive (Predicted Lateral, Actually Frontal)"
/work/1mxray/Xray/datasets/CXR8/00019124_069.png,Frontal,Lateral,"False Positive (Predicted Lateral, Actually Frontal)"
/work/1mxray/Xray/datasets/CXR8/00019124_121.png,Frontal,Lateral,"False Positive (Predicted Lateral, Actually Frontal)"
/work/1mxray/Xray/datasets/CXR8/00019124_123.png,Frontal,Lateral,"False Positive (Predicted Lateral, Actually Frontal)"
/work/1mxray/Image_truncated_cleaned/work_1mxray_Xray_datasets_CXR8_00019172_000.png,Lateral,Frontal,"False Negative (Predicted Frontal, Actually Lateral)"
/work/1mxray/Xray/datasets/CXR8/00019176_004.png,Frontal,Lateral,"False Positive (Predicted Lateral, Actually Frontal)"
/work/1mxray/Xray/datasets/CXR8/00019222_003.png,Frontal,Lateral,"False Positive (Predicted Lateral, Actually Frontal)"
/work/1mxray/Xray/datasets/CXR8/00019222_005.png,Frontal,Lateral,"False Positive (Predicted Lateral, Actually Frontal)"
/work/1mxray/Xray/datasets/CXR8/00019373_018.png,Frontal,Lateral,"False Positive (Predicted Lateral, Actually Frontal)"
/work/1mxray/Xray/datasets/CXR8/00019373_021.png,Frontal,Lateral,"False Positive (Predicted Lateral, Actually Frontal)"
/work/1mxray/Xray/datasets/CXR8/00019373_032.png,Frontal,Lateral,"False Positive (Predicted Lateral, Actually Frontal)"
/work/1mxray/Xray/datasets/CXR8/00019373_033.png,Frontal,Lateral,"False Positive (Predicted Lateral, Actually Frontal)"
/work/1mxray/Xray/datasets/CXR8/00019373_034.png,Frontal,Lateral,"False Positive (Predicted Lateral, Actually Frontal)"
/work/1mxray/Xray/datasets/CXR8/00019373_041.png,Frontal,Lateral,"False Positive (Predicted Lateral, Actually Frontal)"
/work/1mxray/Xray/datasets/CXR8/00019373_042.png,Frontal,Lateral,"False Positive (Predicted Lateral, Actually Frontal)"
/work/1mxray/Xray/datasets/CXR8/00019390_000.png,Frontal,Lateral,"False Positive (Predicted Lateral, Actually Frontal)"
/work/1mxray/Xray/datasets/CXR8/00019390_001.png,Frontal,Lateral,"False Positive (Predicted Lateral, Actually Frontal)"
/work/1mxray/Xray/datasets/CXR8/00019495_000.png,Frontal,Lateral,"False Positive (Predicted Lateral, Actually Frontal)"
/work/1mxray/Xray/datasets/CXR8/00019495_001.png,Frontal,Lateral,"False Positive (Predicted Lateral, Actually Frontal)"
/work/1mxray/Xray/datasets/CXR8/00019495_003.png,Frontal,Lateral,"False Positive (Predicted Lateral, Actually Frontal)"
/work/1mxray/Xray/datasets/CXR8/00019495_005.png,Frontal,Lateral,"False Positive (Predicted Lateral, Actually Frontal)"
/work/1mxray/Xray/datasets/CXR8/00019542_003.png,Frontal,Lateral,"False Positive (Predicted Lateral, Actually Frontal)"
/work/1mxray/Image_truncated_cleaned/work_1mxray_Xray_datasets_CXR8_00019709_000.png,Lateral,Frontal,"False Negative (Predicted Frontal, Actually Lateral)"
/work/1mxray/Xray/datasets/CXR8/00019888_000.png,Frontal,Lateral,"False Positive (Predicted Lateral, Actually Frontal)"
/work/1mxray/Xray/datasets/CXR8/00020046_000.png,Frontal,Lateral,"False Positive (Predicted Lateral, Actually Frontal)"
/work/1mxray/Image_truncated_cleaned/work_1mxray_Xray_datasets_CXR8_00020373_002.png,Lateral,Frontal,"False Negative (Predicted Frontal, Actually Lateral)"
/work/1mxray/Image_truncated_cleaned/work_1mxray_Xray_datasets_CXR8_00020644_000.png,Lateral,Frontal,"False Negative (Predicted Frontal, Actually Lateral)"
/work/1mxray/Image_truncated_cleaned/work_1mxray_Xray_datasets_CXR8_00021130_004.png,Lateral,Frontal,"False Negative (Predicted Frontal, Actually Lateral)"
/work/1mxray/Xray/datasets/CXR8/00021552_018.png,Frontal,Lateral,"False Positive (Predicted Lateral, Actually Frontal)"
/work/1mxray/Xray/datasets/CXR8/00021711_014.png,Frontal,Lateral,"False Positive (Predicted Lateral, Actually Frontal)"
/work/1mxray/Xray/datasets/CXR8/00021711_018.png,Frontal,Lateral,"False Positive (Predicted Lateral, Actually Frontal)"
/work/1mxray/Xray/datasets/CXR8/00022155_003.png,Frontal,Lateral,"False Positive (Predicted Lateral, Actually Frontal)"
/work/1mxray/Xray/datasets/CXR8/00022205_000.png,Frontal,Lateral,"False Positive (Predicted Lateral, Actually Frontal)"
/work/1mxray/Xray/datasets/CXR8/00022447_000.png,Frontal,Lateral,"False Positive (Predicted Lateral, Actually Frontal)"
/work/1mxray/Xray/datasets/CXR8/00022651_022.png,Frontal,Lateral,"False Positive (Predicted Lateral, Actually Frontal)"
/work/1mxray/Xray/datasets/CXR8/00022651_024.png,Frontal,Lateral,"False Positive (Predicted Lateral, Actually Frontal)"
/work/1mxray/Image_truncated_cleaned/work_1mxray_Xray_datasets_CXR8_00022837_044.png,Frontal,Lateral,"False Positive (Predicted Lateral, Actually Frontal)"
/work/1mxray/Image_truncated_cleaned/work_1mxray_Xray_datasets_CXR8_00022837_047.png,Frontal,Lateral,"False Positive (Predicted Lateral, Actually Frontal)"
/work/1mxray/Xray/datasets/CXR8/00022899_008.png,Frontal,Lateral,"False Positive (Predicted Lateral, Actually Frontal)"
/work/1mxray/Xray/datasets/CXR8/00022899_019.png,Frontal,Lateral,"False Positive (Predicted Lateral, Actually Frontal)"
/work/1mxray/Xray/datasets/CXR8/00022899_025.png,Frontal,Lateral,"False Positive (Predicted Lateral, Actually Frontal)"
/work/1mxray/Xray/datasets/CXR8/00022899_026.png,Frontal,Lateral,"False Positive (Predicted Lateral, Actually Frontal)"
/work/1mxray/Xray/datasets/CXR8/00022965_003.png,Frontal,Lateral,"False Positive (Predicted Lateral, Actually Frontal)"
/work/1mxray/Image_truncated_cleaned/work_1mxray_Xray_datasets_CXR8_00022977_002.png,Frontal,Lateral,"False Positive (Predicted Lateral, Actually Frontal)"
/work/1mxray/Xray/datasets/CXR8/00023065_007.png,Frontal,Lateral,"False Positive (Predicted Lateral, Actually Frontal)"
/work/1mxray/Xray/datasets/CXR8/00023065_008.png,Frontal,Lateral,"False Positive (Predicted Lateral, Actually Frontal)"
/work/1mxray/Xray/datasets/CXR8/00023065_021.png,Frontal,Lateral,"False Positive (Predicted Lateral, Actually Frontal)"
/work/1mxray/Xray/datasets/CXR8/00023065_022.png,Frontal,Lateral,"False Positive (Predicted Lateral, Actually Frontal)"
/work/1mxray/Xray/datasets/CXR8/00025303_025.png,Frontal,Lateral,"False Positive (Predicted Lateral, Actually Frontal)"
/work/1mxray/Xray/datasets/CXR8/00025303_026.png,Frontal,Lateral,"False Positive (Predicted Lateral, Actually Frontal)"
/work/1mxray/Xray/datasets/CXR8/00025303_029.png,Frontal,Lateral,"False Positive (Predicted Lateral, Actually Frontal)"
/work/1mxray/Xray/datasets/CXR8/00025303_030.png,Frontal,Lateral,"False Positive (Predicted Lateral, Actually Frontal)"
/work/1mxray/Xray/datasets/CXR8/00025303_032.png,Frontal,Lateral,"False Positive (Predicted Lateral, Actually Frontal)"
/work/1mxray/Xray/datasets/CXR8/00025303_034.png,Frontal,Lateral,"False Positive (Predicted Lateral, Actually Frontal)"
/work/1mxray/Xray/datasets/CXR8/00025303_036.png,Frontal,Lateral,"False Positive (Predicted Lateral, Actually Frontal)"
/work/1mxray/Image_truncated_cleaned/work_1mxray_Xray_datasets_CXR8_00025381_004.png,Lateral,Frontal,"False Negative (Predicted Frontal, Actually Lateral)"
/work/1mxray/Image_truncated_cleaned/work_1mxray_Xray_datasets_CXR8_00025404_000.png,Frontal,Lateral,"False Positive (Predicted Lateral, Actually Frontal)"
/work/1mxray/Xray/datasets/CXR8/00025451_002.png,Frontal,Lateral,"False Positive (Predicted Lateral, Actually Frontal)"
/work/1mxray/Image_truncated_cleaned/work_1mxray_Xray_datasets_CXR8_00025482_000.png,Frontal,Lateral,"False Positive (Predicted Lateral, Actually Frontal)"
/work/1mxray/Xray/datasets/CXR8/00025543_021.png,Frontal,Lateral,"False Positive (Predicted Lateral, Actually Frontal)"
/work/1mxray/Xray/datasets/CXR8/00026077_000.png,Frontal,Lateral,"False Positive (Predicted Lateral, Actually Frontal)"
/work/1mxray/Image_truncated_hard_crops_review/work_1mxray_Xray_datasets_CXR8_00026114_000.png_CROPPED.jpg,Frontal,Lateral,"False Positive (Predicted Lateral, Actually Frontal)"
/work/1mxray/Xray/datasets/CXR8/00026125_005.png,Frontal,Lateral,"False Positive (Predicted Lateral, Actually Frontal)"
/work/1mxray/Xray/datasets/CXR8/00026432_002.png,Frontal,Lateral,"False Positive (Predicted Lateral, Actually Frontal)"
/work/1mxray/Xray/datasets/CXR8/00026432_004.png,Frontal,Lateral,"False Positive (Predicted Lateral, Actually Frontal)"
/work/1mxray/Xray/datasets/CXR8/00026747_000.png,Frontal,Lateral,"False Positive (Predicted Lateral, Actually Frontal)"
/work/1mxray/Image_truncated_cleaned/work_1mxray_Xray_datasets_CXR8_00026758_000.png,Frontal,Lateral,"False Positive (Predicted Lateral, Actually Frontal)"
/work/1mxray/Image_truncated_cleaned/work_1mxray_Xray_datasets_CXR8_00026806_000.png,Lateral,Frontal,"False Negative (Predicted Frontal, Actually Lateral)"
/work/1mxray/Xray/datasets/CXR8/00026828_007.png,Frontal,Lateral,"False Positive (Predicted Lateral, Actually Frontal)"
/work/1mxray/Xray/datasets/CXR8/00026828_009.png,Frontal,Lateral,"False Positive (Predicted Lateral, Actually Frontal)"
/work/1mxray/Xray/datasets/CXR8/00026828_010.png,Frontal,Lateral,"False Positive (Predicted Lateral, Actually Frontal)"
/work/1mxray/Image_truncated_cleaned/work_1mxray_Xray_datasets_CXR8_00026828_013.png,Frontal,Lateral,"False Positive (Predicted Lateral, Actually Frontal)"
/work/1mxray/Xray/datasets/CXR8/00026828_018.png,Frontal,Lateral,"False Positive (Predicted Lateral, Actually Frontal)"
/work/1mxray/Xray/datasets/CXR8/00026828_019.png,Frontal,Lateral,"False Positive (Predicted Lateral, Actually Frontal)"
/work/1mxray/Xray/datasets/CXR8/00026828_020.png,Frontal,Lateral,"False Positive (Predicted Lateral, Actually Frontal)"
/work/1mxray/Xray/datasets/CXR8/00026828_022.png,Frontal,Lateral,"False Positive (Predicted Lateral, Actually Frontal)"
/work/1mxray/Xray/datasets/CXR8/00026828_024.png,Frontal,Lateral,"False Positive (Predicted Lateral, Actually Frontal)"
/work/1mxray/Xray/datasets/CXR8/00026857_000.png,Frontal,Lateral,"False Positive (Predicted Lateral, Actually Frontal)"
/work/1mxray/Image_truncated_cleaned/work_1mxray_Xray_datasets_CXR8_00026965_002.png,Lateral,Frontal,"False Negative (Predicted Frontal, Actually Lateral)"
/work/1mxray/Xray/datasets/CXR8/00027079_012.png,Frontal,Lateral,"False Positive (Predicted Lateral, Actually Frontal)"
/work/1mxray/Xray/datasets/CXR8/00027190_000.png,Frontal,Lateral,"False Positive (Predicted Lateral, Actually Frontal)"
/work/1mxray/Image_truncated_cleaned/work_1mxray_Xray_datasets_CXR8_00027190_001.png,Frontal,Lateral,"False Positive (Predicted Lateral, Actually Frontal)"
/work/1mxray/Xray/datasets/CXR8/00027205_000.png,Frontal,Lateral,"False Positive (Predicted Lateral, Actually Frontal)"
/work/1mxray/Xray/datasets/CXR8/00027211_000.png,Frontal,Lateral,"False Positive (Predicted Lateral, Actually Frontal)"
/work/1mxray/Xray/datasets/CXR8/00027213_004.png,Frontal,Lateral,"False Positive (Predicted Lateral, Actually Frontal)"
/work/1mxray/Xray/datasets/CXR8/00027213_089.png,Frontal,Lateral,"False Positive (Predicted Lateral, Actually Frontal)"
/work/1mxray/Xray/datasets/CXR8/00027299_003.png,Frontal,Lateral,"False Positive (Predicted Lateral, Actually Frontal)"
/work/1mxray/Xray/datasets/CXR8/00027299_009.png,Frontal,Lateral,"False Positive (Predicted Lateral, Actually Frontal)"
/work/1mxray/Image_truncated_cleaned/work_1mxray_Xray_datasets_CXR8_00027339_001.png,Frontal,Lateral,"False Positive (Predicted Lateral, Actually Frontal)"
/work/1mxray/Image_truncated_cleaned/work_1mxray_Xray_datasets_CXR8_00027368_001.png,Frontal,Lateral,"False Positive (Predicted Lateral, Actually Frontal)"
/work/1mxray/Xray/datasets/CXR8/00027386_002.png,Frontal,Lateral,"False Positive (Predicted Lateral, Actually Frontal)"
/work/1mxray/Xray/datasets/CXR8/00027415_000.png,Frontal,Lateral,"False Positive (Predicted Lateral, Actually Frontal)"
/work/1mxray/Xray/datasets/CXR8/00027415_078.png,Frontal,Lateral,"False Positive (Predicted Lateral, Actually Frontal)"
/work/1mxray/Image_truncated_cleaned/work_1mxray_Xray_datasets_CXR8_00027460_001.png,Lateral,Frontal,"False Negative (Predicted Frontal, Actually Lateral)"
/work/1mxray/Xray/datasets/CXR8/00027467_001.png,Frontal,Lateral,"False Positive (Predicted Lateral, Actually Frontal)"
/work/1mxray/Xray/datasets/CXR8/00027474_005.png,Frontal,Lateral,"False Positive (Predicted Lateral, Actually Frontal)"
/work/1mxray/Xray/datasets/CXR8/00027618_000.png,Frontal,Lateral,"False Positive (Predicted Lateral, Actually Frontal)"
/work/1mxray/Xray/datasets/CXR8/00027618_005.png,Frontal,Lateral,"False Positive (Predicted Lateral, Actually Frontal)"
/work/1mxray/Xray/datasets/CXR8/00027618_008.png,Frontal,Lateral,"False Positive (Predicted Lateral, Actually Frontal)"
/work/1mxray/Xray/datasets/CXR8/00027618_009.png,Frontal,Lateral,"False Positive (Predicted Lateral, Actually Frontal)"
/work/1mxray/Xray/datasets/CXR8/00027618_014.png,Frontal,Lateral,"False Positive (Predicted Lateral, Actually Frontal)"
/work/1mxray/Xray/datasets/CXR8/00027927_021.png,Frontal,Lateral,"False Positive (Predicted Lateral, Actually Frontal)"
/work/1mxray/Xray/datasets/CXR8/00027927_036.png,Frontal,Lateral,"False Positive (Predicted Lateral, Actually Frontal)"
/work/1mxray/Xray/datasets/CXR8/00028208_036.png,Frontal,Lateral,"False Positive (Predicted Lateral, Actually Frontal)"
/work/1mxray/Xray/datasets/CXR8/00028208_039.png,Frontal,Lateral,"False Positive (Predicted Lateral, Actually Frontal)"
/work/1mxray/Xray/datasets/CXR8/00028253_002.png,Frontal,Lateral,"False Positive (Predicted Lateral, Actually Frontal)"
/work/1mxray/Xray/datasets/CXR8/00028253_008.png,Frontal,Lateral,"False Positive (Predicted Lateral, Actually Frontal)"
/work/1mxray/Xray/datasets/CXR8/00028256_003.png,Frontal,Lateral,"False Positive (Predicted Lateral, Actually Frontal)"
/work/1mxray/Xray/datasets/CXR8/00028433_007.png,Frontal,Lateral,"False Positive (Predicted Lateral, Actually Frontal)"
/work/1mxray/Xray/datasets/CXR8/00028454_004.png,Frontal,Lateral,"False Positive (Predicted Lateral, Actually Frontal)"
/work/1mxray/Image_truncated_cleaned/work_1mxray_Xray_datasets_CXR8_00028505_006.png,Frontal,Lateral,"False Positive (Predicted Lateral, Actually Frontal)"
/work/1mxray/Image_truncated_cleaned/work_1mxray_Xray_datasets_CXR8_00028505_007.png,Frontal,Lateral,"False Positive (Predicted Lateral, Actually Frontal)"
/work/1mxray/Image_truncated_cleaned/work_1mxray_Xray_datasets_CXR8_00028505_008.png,Frontal,Lateral,"False Positive (Predicted Lateral, Actually Frontal)"
/work/1mxray/Image_truncated_cleaned/work_1mxray_Xray_datasets_CXR8_00028505_009.png,Frontal,Lateral,"False Positive (Predicted Lateral, Actually Frontal)"
/work/1mxray/Image_truncated_cleaned/work_1mxray_Xray_datasets_CXR8_00028505_010.png,Frontal,Lateral,"False Positive (Predicted Lateral, Actually Frontal)"
/work/1mxray/Image_truncated_cleaned/work_1mxray_Xray_datasets_CXR8_00028505_011.png,Frontal,Lateral,"False Positive (Predicted Lateral, Actually Frontal)"
/work/1mxray/Xray/datasets/CXR8/00028505_012.png,Frontal,Lateral,"False Positive (Predicted Lateral, Actually Frontal)"
/work/1mxray/Xray/datasets/CXR8/00028518_022.png,Frontal,Lateral,"False Positive (Predicted Lateral, Actually Frontal)"
/work/1mxray/Xray/datasets/CXR8/00028518_025.png,Frontal,Lateral,"False Positive (Predicted Lateral, Actually Frontal)"
/work/1mxray/Xray/datasets/CXR8/00028518_026.png,Frontal,Lateral,"False Positive (Predicted Lateral, Actually Frontal)"
/work/1mxray/Xray/datasets/CXR8/00028518_027.png,Frontal,Lateral,"False Positive (Predicted Lateral, Actually Frontal)"
/work/1mxray/Xray/datasets/CXR8/00028765_030.png,Frontal,Lateral,"False Positive (Predicted Lateral, Actually Frontal)"
/work/1mxray/Xray/datasets/CXR8/00028873_008.png,Frontal,Lateral,"False Positive (Predicted Lateral, Actually Frontal)"
/work/1mxray/Xray/datasets/CXR8/00028876_014.png,Frontal,Lateral,"False Positive (Predicted Lateral, Actually Frontal)"
/work/1mxray/Xray/datasets/CXR8/00028876_015.png,Frontal,Lateral,"False Positive (Predicted Lateral, Actually Frontal)"
/work/1mxray/Xray/datasets/CXR8/00028876_037.png,Frontal,Lateral,"False Positive (Predicted Lateral, Actually Frontal)"
/work/1mxray/Xray/datasets/CXR8/00028876_038.png,Frontal,Lateral,"False Positive (Predicted Lateral, Actually Frontal)"
/work/1mxray/Xray/datasets/CXR8/00028876_041.png,Frontal,Lateral,"False Positive (Predicted Lateral, Actually Frontal)"
/work/1mxray/Xray/datasets/CXR8/00028876_045.png,Frontal,Lateral,"False Positive (Predicted Lateral, Actually Frontal)"
/work/1mxray/Xray/datasets/CXR8/00028876_048.png,Frontal,Lateral,"False Positive (Predicted Lateral, Actually Frontal)"
/work/1mxray/Xray/datasets/CXR8/00028876_051.png,Frontal,Lateral,"False Positive (Predicted Lateral, Actually Frontal)"
/work/1mxray/Xray/datasets/CXR8/00028876_052.png,Frontal,Lateral,"False Positive (Predicted Lateral, Actually Frontal)"
/work/1mxray/Xray/datasets/CXR8/00028876_055.png,Frontal,Lateral,"False Positive (Predicted Lateral, Actually Frontal)"
/work/1mxray/Xray/datasets/CXR8/00028876_056.png,Frontal,Lateral,"False Positive (Predicted Lateral, Actually Frontal)"
/work/1mxray/Xray/datasets/CXR8/00028876_059.png,Frontal,Lateral,"False Positive (Predicted Lateral, Actually Frontal)"
/work/1mxray/Xray/datasets/CXR8/00028876_061.png,Frontal,Lateral,"False Positive (Predicted Lateral, Actually Frontal)"
/work/1mxray/Xray/datasets/CXR8/00028876_062.png,Frontal,Lateral,"False Positive (Predicted Lateral, Actually Frontal)"
/work/1mxray/Xray/datasets/CXR8/00028876_063.png,Frontal,Lateral,"False Positive (Predicted Lateral, Actually Frontal)"
/work/1mxray/Xray/datasets/CXR8/00028876_064.png,Frontal,Lateral,"False Positive (Predicted Lateral, Actually Frontal)"
/work/1mxray/Xray/datasets/CXR8/00029075_001.png,Frontal,Lateral,"False Positive (Predicted Lateral, Actually Frontal)"
/work/1mxray/Xray/datasets/CXR8/00029075_005.png,Frontal,Lateral,"False Positive (Predicted Lateral, Actually Frontal)"
/work/1mxray/Xray/datasets/CXR8/00029075_011.png,Frontal,Lateral,"False Positive (Predicted Lateral, Actually Frontal)"
/work/1mxray/Xray/datasets/CXR8/00029075_013.png,Frontal,Lateral,"False Positive (Predicted Lateral, Actually Frontal)"
/work/1mxray/Xray/datasets/CXR8/00029075_017.png,Frontal,Lateral,"False Positive (Predicted Lateral, Actually Frontal)"
/work/1mxray/Xray/datasets/CXR8/00029075_018.png,Frontal,Lateral,"False Positive (Predicted Lateral, Actually Frontal)"
/work/1mxray/Xray/datasets/CXR8/00029118_001.png,Frontal,Lateral,"False Positive (Predicted Lateral, Actually Frontal)"
/work/1mxray/Xray/datasets/CXR8/00029570_008.png,Frontal,Lateral,"False Positive (Predicted Lateral, Actually Frontal)"
/work/1mxray/Xray/datasets/CXR8/00029579_014.png,Frontal,Lateral,"False Positive (Predicted Lateral, Actually Frontal)"
/work/1mxray/Xray/datasets/CXR8/00029827_003.png,Frontal,Lateral,"False Positive (Predicted Lateral, Actually Frontal)"
/work/1mxray/Xray/datasets/CXR8/00030196_002.png,Frontal,Lateral,"False Positive (Predicted Lateral, Actually Frontal)"
/work/1mxray/Xray/datasets/CXR8/00030196_003.png,Frontal,Lateral,"False Positive (Predicted Lateral, Actually Frontal)"
