filename,collimation,good_contrast,medical_device,truncated,underexposed_noisy,rotated,lateral,niqe,brisque,contrast_ratio,entropy,sharpness,skewness
00016291_056.png,False,False,True,True,True,False,False,20.07244300842285,27.797993142489503,0.20924480445531063,7.626176376956345,0.0026121974806737683,0.07021883177457652
00016399_007.png,False,False,True,False,True,False,False,20.362733840942383,35.68685614625335,0.22235688720382707,7.5600506940522605,0.0021932622770620175,-0.35888900747773206
00006444_007.png,False,False,False,False,True,False,True,20.25886344909668,28.779481347648215,0.27177892005274257,7.416903407166265,0.00020711680100295683,-0.7675028438479419
00006953_004.png,False,False,False,True,True,False,True,20.1701602935791,38.80005279176905,0.29202260798977897,7.113570411141495,0.00025966643916143224,-0.6729667831059502
00015989_000.png,True,True,False,True,False,False,False,20.383926391601562,32.83483250168453,0.25401378980356576,7.457118717233132,0.00257258658920653,-0.8764872404315146
00016137_000.png,True,True,True,False,False,False,False,20.274288177490234,28.32075642304764,0.20643452339613846,7.5740392674695896,0.003376458569332006,-0.33448869964744343
00017189_001.png,True,True,False,True,False,False,False,20.101167678833008,9.600380950298785,0.23495281999877202,7.770379928202271,0.0014475069093502714,-0.38076963768310224
00020703_000.png,True,True,False,True,False,False,False,20.26934814453125,14.553546750316599,0.24192144107651276,7.718084438699009,0.0038008000636341136,-0.20057206033313618
00021173_001.png,True,True,False,False,False,False,False,20.187503814697266,10.70456921806064,0.26663867128247337,7.677796875440607,0.0010926871313808372,-0.4718733129230797
00009343_006.png,False,True,True,False,False,False,False,20.425567626953125,39.35504657407884,0.15219411636801947,7.056721363661873,0.0024492310432689276,-1.3152220686378666
00009349_004.png,False,False,True,False,True,False,False,20.31938934326172,41.07180079929398,0.13809872219473385,6.86289821933111,0.0033442584956180736,-1.0364446381173162
00009608_003.png,False,False,True,False,True,False,False,20.337230682373047,35.90421512310124,0.2512554024091282,7.427889079644674,0.0022808800021355807,-0.4686383911161001
00009712_000.png,False,False,True,False,True,False,False,20.44078254699707,38.37890158815546,0.18325997232956487,7.232647344958272,0.0017095230806951603,-1.172267288381671
00009902_000.png,True,True,True,False,False,False,False,20.257848739624023,32.447148163514356,0.1897459684633224,7.398036877370055,0.0028578783155501645,-0.583521787577031
00008682_002.png,True,True,False,False,False,False,False,20.26505470275879,32.96837846722585,0.25870140751758053,7.24238159121311,0.003322981365165525,-1.029329015281303
00021130_004.png,True,True,True,True,False,False,True,19.975496292114258,23.48878471681084,0.2778456628327537,7.218399267229796,0.0013611509216775483,-0.5482727784777618
00011460_066.png,False,False,True,False,True,True,False,20.315597534179688,29.76873512148515,0.20818856739445094,7.036718398707284,0.005517077699026699,-1.5474662537101287
00003601_006.png,False,False,False,False,True,False,False,20.41319465637207,41.31194091382869,0.16830988932305635,6.967908528272392,0.0022211051591182122,-1.7804056331984432
00013615_054.png,False,False,True,True,True,False,False,20.41719627380371,38.262036131790154,0.24343629200701214,7.478047921444086,0.0011274004997709143,-0.6030137406476356
00015646_026.png,False,False,True,False,True,False,False,20.171476364135742,26.635110486424963,0.1993424156252257,7.261541143354401,0.002320307313012132,-0.7071799204764789
00005655_000.png,True,True,False,True,False,False,True,20.25697135925293,34.20024098753376,0.26754469178260765,7.328373855690886,0.00034983024609055617,-0.531588579521844
00005794_010.png,False,False,False,False,True,False,True,20.594205856323242,51.60430951276223,0.3320156536172694,7.146591123291926,0.0008729821267603206,-0.46027877909196285
00013282_010.png,True,True,False,False,False,False,False,20.274368286132812,12.166660381836408,0.22905587676587097,7.700268229562162,0.0010160290063928026,-0.28188668831649927
00015284_005.png,True,True,True,False,False,False,False,20.121397018432617,7.607558785882901,0.2825239593379699,7.728132641390163,0.0008815020669963141,0.038185244033091634
00008065_000.png,True,False,True,False,True,False,False,20.219467163085938,33.29738959723156,0.14466264711532217,7.107342608561893,0.002790600257504817,-0.7499510799638656
00008362_020.png,False,False,True,False,True,False,False,20.327171325683594,33.399372870687074,0.229780190235125,7.29301233028549,0.0018748537477422007,-1.2323675721744836
00012907_007.png,True,True,False,False,False,False,True,20.28160858154297,39.40017106894285,0.2979630964881538,7.489512035086478,0.0014498299348396381,-0.5788646790813498
00009539_000.png,False,True,False,False,False,True,False,20.392501831054688,35.37071508394794,0.18359762523928902,7.335042015601586,0.0019355512447847742,-0.9612466960175117
00015477_004.png,True,False,False,False,True,False,False,20.123027801513672,25.535636832829567,0.253717856781839,7.779710542081139,0.0038530790975360597,-0.06927719993368964
00001836_070.png,False,False,True,True,True,False,False,20.0056095123291,31.120153132037302,0.23471463981843563,7.187525888793752,0.002905672397251409,-0.20130067557932196
00002978_001.png,False,True,True,True,False,False,False,19.910205841064453,24.510871711767976,0.21944046407801093,7.449692433951663,0.004273720658123716,-0.20816720113029188
00003028_024.png,False,False,True,False,True,False,False,20.229473114013672,32.46222350089894,0.19385345551885066,7.247781537056336,0.0015772269740584655,-0.5590625513487587
00003393_049.png,False,False,True,False,True,False,False,20.176082611083984,28.337651791284515,0.16533901076573568,7.2873847822423485,0.001544092047854956,-0.6115537797548506
00004893_080.png,False,True,True,False,False,False,False,20.113847732543945,10.696618477183364,0.28289093568465695,7.607712064955881,0.000847274829551143,0.15637229447906864
00006271_005.png,False,False,True,False,True,False,False,20.203842163085938,30.39447601558706,0.17253591366233165,7.168461036263104,0.0010977954182098556,-1.2347642733333988
00006271_085.png,False,False,True,True,True,False,False,20.25625991821289,36.97711495917835,0.18439135820528724,7.300292818325511,0.001084788317289875,-1.0630531126586984
00006296_036.png,False,False,True,False,True,False,False,20.229124069213867,38.6046204985457,0.13622057207515767,6.960781480560348,0.0012625719265405837,-0.17784925659555992
00007735_032.png,False,False,True,True,True,False,False,20.1395263671875,12.670507067367652,0.24945413709740571,7.648495809607978,0.002130724764927174,0.21307633936020515
00008875_024.png,False,False,True,False,True,False,False,20.24358558654785,36.7885508299955,0.17745499259742675,7.113734769961001,0.0018691973245399405,-1.208022983751206
00010805_017.png,False,False,True,True,True,False,False,20.477670669555664,60.37981298945189,0.2844745239556797,5.414280197377311,0.0024391470313125715,0.5369127882310515
00011140_014.png,False,False,True,False,True,False,False,20.32719612121582,34.357226762665704,0.24509319945427782,7.385053191065311,0.001329268028276839,-0.3846980291187622
00001803_003.png,False,False,False,True,True,False,True,20.270421981811523,40.887546973823845,0.19510494861889155,7.311273735871636,0.0021618309083349233,-1.1194659529871174
00003122_001.png,True,True,False,False,False,False,True,20.22453498840332,31.227325937996937,0.27254281772154654,7.494505474041555,0.0025021623128628225,-0.7525803608631436
00004533_004.png,False,False,False,False,True,False,True,20.338027954101562,51.44766006177517,0.3151763909356361,7.017212528230905,0.001285151911456263,-0.4648289583549554
00004605_007.png,False,False,True,True,True,False,True,20.268877029418945,61.71286117698102,0.34177552080616475,6.118798580674477,0.000957498928071535,0.26657355260161597
00004808_001.png,True,False,True,False,True,False,True,20.237903594970703,32.761786623904044,0.2225058163998857,7.36143089964674,0.00023260516864081059,-1.1341644757718385
00005260_000.png,True,False,False,False,True,False,True,20.14942741394043,34.85804378514942,0.2706493370934046,7.3091507264139075,0.00029373834355876936,-0.6235321092429349
00001814_001.png,False,False,True,True,True,False,False,20.096128463745117,38.34687876878499,0.2730858066009692,6.848275110127987,0.001164125177410534,-0.7404909014966052
00002817_013.png,True,True,False,False,False,False,False,20.18149757385254,11.91408059361558,0.2876526860132224,7.748972374640515,0.0010469753192897796,-0.16717050897713584
00002951_000.png,True,True,False,False,False,False,False,20.220252990722656,8.98661900698309,0.24905864821350088,7.775965405525724,0.0012645082279968223,-0.1998687774262073
00003700_000.png,True,True,False,False,False,False,False,20.21663475036621,26.54314817648512,0.14755713826451433,6.505218649915411,0.0004934218239095196,-1.3497872846127692
00005291_003.png,True,True,False,False,False,False,False,20.053768157958984,13.246176697876507,0.2866295350922235,7.503753724043713,0.0009128303744252075,0.032667726070327904
00006705_001.png,True,True,True,False,False,False,False,20.17544937133789,30.686016070620752,0.22359108805170944,7.306349043288499,0.0015498722039851084,-0.7934512590593463
00008751_000.png,True,True,False,False,False,False,False,20.256507873535156,11.233965891996235,0.26718581436841193,7.612804687606025,0.00110020744643551,-0.15772736776522456
00009498_000.png,True,True,False,False,False,False,False,20.2049617767334,11.959299671246043,0.25552489715634014,7.5082649116295395,0.0012759479556575355,0.01092331450388048
00009708_002.png,True,True,False,False,False,False,False,20.103050231933594,10.826628119412561,0.27359326862509614,7.708544620552282,0.0014669928988905823,-0.19640978750117566
00010145_001.png,True,True,False,False,False,False,False,20.218061447143555,12.236434109469627,0.2721161682978401,7.694036171571062,0.0009862489962448678,-0.2618920320582591
00006271_023.png,False,False,True,False,True,False,False,20.244157791137695,30.477519389231674,0.17398888260192866,7.246760470589334,0.001657888686230389,-1.008764200804283
00006841_009.png,False,False,True,False,True,False,False,20.343053817749023,35.6792672387007,0.15701618372420154,7.098045094278257,0.0020787335850471875,-1.3277551851449694
00007322_017.png,True,False,True,False,True,False,False,20.23728370666504,39.00276095367619,0.16372847766924545,7.2867131331635795,0.0016495701082221144,0.14883558378893355
00007322_020.png,False,False,True,False,True,False,False,20.2352352142334,41.317868086877496,0.14203507264149745,6.873422418270813,0.0018839134481403374,-0.6674653619003557
00007348_000.png,False,False,True,False,True,False,False,20.49624252319336,39.81156077633224,0.17124161398597593,7.2306460152869825,0.0019121521858387611,-1.107791072237251
00007618_006.png,True,False,True,False,True,False,False,20.202322006225586,32.15232129879834,0.19373995099958144,7.200672315166546,0.0035245159673124985,-1.38074890325497
00007908_000.png,True,False,True,False,True,False,False,20.11758041381836,27.47662436352968,0.21998363546712676,7.32848005546592,0.0025904174689756155,-0.8780580661275186
00014796_001.png,True,True,False,False,False,False,True,20.203327178955078,49.257526898153515,0.3220948175634833,6.945894525489329,0.0013525436730263249,-0.5937890880688375
00009368_011.png,False,False,True,False,True,False,True,20.295719146728516,43.27271038455146,0.2924145678088323,7.25418666784434,0.0010184942964853094,-0.6922800829868965
00009998_001.png,True,False,True,False,True,False,True,20.330799102783203,55.506238350834536,0.33091707523933617,6.873181619834307,0.0009690577733127314,-0.46560566873052656
00019144_002.png,True,True,False,False,False,True,False,20.22427749633789,30.582736506400778,0.2654452720740949,7.498258411660115,0.0024640320768649633,-0.7857935861151615
00018739_023.png,False,False,False,True,True,False,False,20.264204025268555,34.70707472422984,0.19747992442555984,7.173196389326182,0.003824367263844046,-1.3862447634029413
00019373_054.png,False,False,False,False,True,False,False,20.319522857666016,42.54443511393103,0.1779637659283347,7.092654125228307,0.0035893140013124065,-1.5289124172806758
00005185_000.png,False,False,False,False,True,False,False,20.309892654418945,38.55319557031336,0.14227487735174071,7.051072974094081,0.002261339211254997,-0.8778570081020386
00027098_000.png,True,False,False,False,True,False,False,20.179128646850586,16.45819683287229,0.2781944887737441,7.611552680013294,0.0008639903862636492,-0.057738499983324976
00008445_003.png,True,True,False,False,False,False,True,20.182613372802734,38.234431740699364,0.2880822264403156,7.380646436129945,0.0018365522609473967,-0.8600105837540507
00026806_000.png,False,True,True,False,True,False,True,20.229188919067383,33.26194041058872,0.3364849110337346,7.182523913579814,0.004184665467148063,-0.30875654079648535
00020644_000.png,True,True,True,True,False,False,True,20.037748336791992,39.67804937260345,0.2849843935723259,6.559071441728695,0.0012663605487241237,0.16762451430743505
00006138_010.png,False,False,False,True,True,False,True,20.32790184020996,44.78686354968315,0.31524518722416156,7.186239508136999,0.001127078174245604,-0.6336518894328349
00011379_029.png,False,False,True,False,True,False,True,20.096288681030273,23.577473374627715,0.28286080328396507,6.562966707848925,0.0006875127061674295,0.22953259794350986
00006836_008.png,True,False,False,False,True,False,True,20.284677505493164,36.05588474411044,0.33118033445559153,7.044420647438811,0.0014628089783153837,-0.3933326797207018
00003094_002.png,True,True,False,True,False,False,True,20.35096549987793,52.73255567218868,0.3201418687480365,7.128843114383091,0.0002427406099129143,-0.24493308962867613
00004906_000.png,True,True,False,True,False,False,True,20.171878814697266,39.71660522849626,0.31550694514887145,7.263349668520256,0.0012829321054007791,-0.4848912893149423
00008697_006.png,True,True,False,True,False,False,True,20.32767677307129,47.04453143922885,0.32498294773159575,7.022733040074615,0.0013445443649239622,-0.17555632383123507
00014963_000.png,True,True,False,True,False,False,True,20.22340965270996,44.653344995457445,0.30531419638426316,5.853449407620741,0.0004221201590412824,0.476065775006622
00015078_007.png,True,True,False,True,False,False,True,20.16879653930664,31.688136877317078,0.3207508158139828,6.51784092312338,0.0005286354570796367,0.1771062631473178
00013160_000.png,True,True,False,False,False,False,True,20.280099868774414,47.26738695187552,0.322551202261105,7.052023055290818,0.0014417331065944066,-0.5500962376634604
00007628_000.png,True,True,False,False,False,False,True,20.287500381469727,41.65865849154281,0.28353936210075786,7.419497522041797,0.0015559544767648746,-0.8027886424837377
00008082_000.png,False,True,False,False,False,False,True,20.19060707092285,39.53098660085081,0.2727434587278413,7.248586088551654,0.0013913412363247648,-1.0068217185389063
00001758_001.png,True,True,False,False,False,False,True,20.256540298461914,48.23353319090799,0.33669362327799757,7.007464456595672,0.0011440775532001676,-0.3662439016860359
00003060_000.png,True,False,False,True,True,False,False,20.552871704101562,78.93481839390981,0.325121688223629,4.886845630397665,0.0019409680980666242,0.8058596460152855
00027465_008.png,True,False,True,True,True,False,False,20.141584396362305,29.060233966694085,0.24704329416578552,6.559888796756068,0.0018944201918397006,-0.2536751525945852
00009984_001.png,False,True,False,False,True,False,False,20.316158294677734,38.349590750332226,0.23655314838520106,6.844629267274103,0.001437196686374203,-1.4148522612772099
00011351_030.png,True,True,False,True,False,False,False,20.041934967041016,26.625638464924776,0.21735369153726433,7.483539726247093,0.0036722910492234632,-0.6513513431624675
00017981_003.png,True,True,True,True,False,False,False,20.206523895263672,24.65334379204134,0.2233441060579109,7.66404926670422,0.0036070949351683025,-0.20622570035349266
00019219_007.png,True,True,False,True,False,False,False,20.27261734008789,27.493394272140648,0.21158735898993722,7.25833715339518,0.0026095920594309575,-1.3444122155267098
00007938_000.png,True,True,False,True,False,False,False,20.211626052856445,31.536840644321927,0.24713320162174643,7.571429768602118,0.002534610953511893,-0.8402358032747413
00020523_000.png,True,True,False,False,False,False,False,20.128774642944336,10.495777334903977,0.2391286712139625,7.790063263246729,0.001849953111053945,-0.29153960110095933
00006910_003.png,True,True,False,False,False,False,False,20.101768493652344,28.363605381529368,0.19617714218342694,7.483939614145002,0.0031742437839541874,-0.6084566777731238
00020172_000.png,True,True,True,False,False,False,False,20.11672592163086,10.476564189639902,0.25159619522873883,7.767317717605011,0.0010440851310131415,0.003445782698902192
00020524_012.png,True,True,False,False,False,False,False,20.183887481689453,8.609808756699493,0.2526312768699546,7.64982874239287,0.0011946915813037182,0.07765727706375378
00007230_000.png,True,True,False,False,False,False,False,20.165802001953125,27.76067014530517,0.21782562877486608,7.377743481838119,0.0034998989459458715,-0.9537485851935054
00026162_000.png,True,True,False,False,False,False,False,20.214948654174805,9.563646026690293,0.23803001352116593,7.744271085188465,0.0010909808972175135,-0.3535705903527752
00021480_000.png,True,True,False,False,False,False,False,20.216650009155273,14.084219805237097,0.2422223476245073,7.740145444544729,0.001297928103076282,-0.23995327887232315
00019096_000.png,True,True,False,False,False,False,False,20.19493293762207,13.84549042517105,0.25288881707220345,7.793008076263286,0.0010258690702766343,-0.3076628435507664
00006962_004.png,True,True,True,False,False,False,False,20.333219528198242,11.918993775471762,0.2540527732492086,7.771187570118029,0.0010278818198013872,-0.011253542082268251
00009751_000.png,True,True,False,False,False,False,False,20.109617233276367,32.54953916764745,0.19244902748047707,7.394576420164325,0.002529350984774098,-0.6868533184315021
00005101_004.png,True,True,False,False,False,False,False,20.18636131286621,12.614344639040354,0.24973007514519022,7.775182700690392,0.001254900976183006,-0.05148437173061104
00020911_000.png,True,True,False,False,False,False,False,20.17781639099121,11.746616061728417,0.2612408488940636,7.7610889069852735,0.0011797166030163555,-0.29599381753198833
00011874_004.png,True,True,False,False,False,False,False,20.070289611816406,26.71361014322676,0.20236035306940958,7.252585788733156,0.005207697557576656,-1.1722688952017164
00021572_022.png,True,True,False,False,False,False,False,20.262489318847656,15.330006501890892,0.28534865462485504,7.679290184338905,0.0012940501515544941,-0.28440058452695294
00008229_003.png,True,True,False,False,False,False,False,20.101640701293945,12.689533194915128,0.251835535027669,7.616363160182633,0.0013660015863684006,-0.019455322246840268
00020992_002.png,True,True,False,False,False,False,False,20.115726470947266,7.648565980219104,0.24258744737546448,7.748747269816329,0.0010585046339092515,0.004585856759123476
00017818_003.png,True,True,False,False,False,False,False,20.147672653198242,14.030051806627597,0.26586562689727156,7.604303297350923,0.0011565856198897675,-0.18299443918449626
00026349_009.png,True,True,True,False,False,False,False,20.167707443237305,12.042498730085498,0.26503715464672317,7.349128034174461,0.001589419500056827,-0.07925316284302744
00003343_003.png,True,True,False,False,False,False,False,20.175121307373047,27.11453358278115,0.19895435208826137,7.459727201557205,0.0029460341786556807,-0.8360144214639568
00010055_000.png,True,True,False,False,False,False,False,20.151012420654297,29.53494946904604,0.20287137318888743,7.385618160944356,0.002714589719064905,-0.817297246535466
00009608_013.png,False,False,True,True,True,False,False,20.208879470825195,37.80468167955107,0.25785921297836395,7.349602552848377,0.0024490925573062415,-0.22585293197465797
00017081_003.png,False,False,True,False,True,False,False,20.328182220458984,31.141936819280744,0.20881324713490004,7.16658556211249,0.0024984629322112265,-0.7301327044003322
00015606_025.png,False,False,True,True,True,False,False,20.087385177612305,38.72844793399119,0.3305459391615042,6.469409236386492,0.0024145599029351135,0.013995106079459769
00021420_015.png,False,False,True,False,True,False,False,20.173059463500977,22.749718453337408,0.21496477609266096,7.492657820985474,0.0024386762136155886,-0.5207904271039343
00021420_020.png,False,False,True,True,True,False,False,20.332496643066406,32.6252708212057,0.2391930975123071,7.237382968552162,0.0021721557199916404,-0.1491812980811169
00006271_013.png,False,False,True,False,True,False,False,20.29275894165039,30.98108327036229,0.1734320562873479,7.3244840491644405,0.0015692322919453067,-0.7870556247107354
00030573_012.png,True,False,True,True,True,False,False,20.105077743530273,22.397433710541662,0.1793671951774436,7.423455884735055,0.0032054588026316443,-0.044103188871016955
00005573_003.png,False,False,True,True,True,False,False,20.261863708496094,54.95611711555259,0.3007938856828127,6.115375944006296,0.0010347166138399292,0.07599944473817796
00017852_039.png,True,False,True,True,True,False,False,20.181039810180664,20.392300111469666,0.22609717319042513,7.673242571684159,0.0030327753969340695,-0.27785086603742915
00014956_027.png,True,True,True,True,False,False,False,20.208391189575195,24.288154815134902,0.2695685834882102,7.415236633633642,0.001938056688252808,-0.2997279896950635
00021035_005.png,True,False,True,True,True,False,False,19.919174194335938,17.47651370921514,0.17145820534457476,7.317257792346522,0.002389086727110091,-0.2305128231823176
00015606_024.png,False,False,True,True,True,False,False,20.40260887145996,45.127569489739216,0.25957112742564664,6.647696356284505,0.0018009380915030688,-0.431827632282804
00022470_010.png,True,False,True,True,True,False,False,20.116830825805664,13.495564606442457,0.2076451023609343,7.353639978166958,0.0036318954102952704,-1.028109262770274
00006271_100.png,False,False,True,True,True,False,False,20.28098487854004,25.28015485294665,0.21914346631687986,7.471317033757538,0.001553696452933374,-0.8207940952807992
00021035_019.png,True,False,True,True,True,False,False,20.10133171081543,22.013211230415635,0.19219376632255591,7.29574048571931,0.003149665457519897,-0.30707665978504456
00018921_023.png,False,False,True,False,True,False,False,20.1970272064209,29.526981315416123,0.21445274254505978,7.15799577924935,0.0017559340944379755,-0.8724815460243464
00014004_033.png,True,False,True,True,True,False,False,20.156734466552734,18.00746365108418,0.2301352651192417,7.605189099279989,0.003479486355226248,-0.2787590629975334
00013615_057.png,True,False,True,True,True,False,False,20.301715850830078,30.138019607206587,0.24525907108091738,7.562063391924569,0.002272311265137395,-0.2826483040649322
00020458_020.png,False,False,True,False,True,False,False,20.04576873779297,15.307510934976307,0.23431569887841938,7.722000919881044,0.0034431243705376853,-0.2623452406917674
00020349_008.png,False,False,True,True,True,False,False,20.282817840576172,21.817738208835834,0.2751753159740343,7.494619050819243,0.0020759592403655183,-0.2922940928678923
00012834_115.png,False,False,True,False,True,False,False,20.192148208618164,34.90118029236302,0.23876064634112898,7.340545429951892,0.002358538759282617,-0.0741729854549094
00015606_053.png,True,False,True,True,True,False,False,20.143688201904297,23.75035049488244,0.23992277984713983,7.455225049861147,0.0029154838194661147,-0.39221869368084594
00025958_004.png,True,False,True,True,True,False,False,20.382488250732422,33.41612347839211,0.2792832693406414,7.137738663046674,0.0028917291689875826,-0.46024694609432304
00013111_090.png,True,True,True,True,False,False,False,20.141738891601562,16.16607601339794,0.269408882183243,7.604009750289511,0.000730770475664622,0.07254817229370816
00006695_001.png,True,False,True,True,True,False,False,21.045780181884766,66.04277525210065,0.0468944920182582,5.362494285809518,0.0010406680891917432,-1.69239064774724
00015671_000.png,True,True,False,False,False,False,False,20.131088256835938,27.816885842455207,0.21121550490277577,7.362334414654401,0.00282911536116749,-0.8446008851095808
00015911_009.png,True,True,True,False,False,False,False,20.333026885986328,30.90439735938591,0.1928417624971136,7.26678772735804,0.004156805477750812,-1.3368542163497246
00005717_003.png,True,True,True,False,False,False,False,20.246206283569336,31.156054209239954,0.15615724305747591,7.191900388109432,0.001998890362874957,-0.7047981741564124
00022504_000.png,True,True,False,False,False,False,False,20.154104232788086,16.145354931299806,0.26111833830254483,7.734455588207366,0.0015627920373593844,-0.4079144961707154
00009813_005.png,True,True,False,False,False,False,False,20.16070556640625,30.95060677185822,0.2380412323375031,7.1882053742499545,0.00303524661412918,-1.3184870245351117
00019256_000.png,True,True,False,False,False,False,False,20.151819229125977,24.40177316047422,0.2477999128661653,6.727191152722413,0.000766327560580114,0.5340722258344095
00012942_004.png,False,True,True,False,False,False,False,20.3842716217041,24.422934561646542,0.17687093058851489,7.381485529847539,0.004174873086057914,-0.5777341714490788
00019390_003.png,False,True,True,False,False,False,False,20.481775283813477,36.628587548833565,0.19446350400149398,6.947383347905581,0.0018673444686780121,-0.9403990069999225
00016490_000.png,False,True,True,False,False,False,False,20.192161560058594,33.9870945804748,0.20988307481550278,7.220117999651392,0.0034898113248715726,-1.2788095456726696
00009576_000.png,False,True,False,False,False,False,False,20.446321487426758,41.91061051052938,0.1730254051132399,7.064265852075497,0.002190152959557962,-1.5343491298513021
00008005_001.png,False,True,True,True,False,False,False,20.24549102783203,28.11941423572236,0.25972520010132405,7.508917650300801,0.0016496686510968873,-0.7769686848102922
00003406_003.png,False,False,True,False,True,False,False,20.805551528930664,60.40418883983213,0.0458747602223378,5.3380397690670405,0.0014465846294474498,-1.4777160242579748
00016399_015.png,False,False,True,False,True,False,False,20.26551628112793,31.695749378968884,0.18660221614795106,7.320001659722602,0.0016539143949937372,-0.6707631870999887
00016009_041.png,False,False,True,False,True,False,False,20.329370498657227,32.477527964370296,0.19843885489220806,7.164765122084531,0.0013823513242428966,-0.9339711913526502
